Biome;LL;LMA;Nmass;Pmass;Amass;Rmass
wland;1,26;2,45;0,069;-0,932;1,69;
wland;1,17;2,19;0,094;-0,923;1,86;
wland;1,35;2,15;0,014;-0,994;1,88;
wland;;1,98;;;;
wland;0,95;2,03;0,388;-0,824;2,21;
wland;1,17;2,36;0,255;-0,962;2;
wland;1,04;2,08;0,328;-0,826;2,17;
wland;1,07;2,14;0,382;-0,692;2,25;
wland;;1,87;;;;
wland;0,6;1,75;0,412;-0,761;2,13;
wland;0,96;2,25;0,222;-0,805;2,02;
wland;1,36;2,32;0,137;-0,879;1,77;
wland;0,66;1,89;0,288;-0,72;2,21;
wland;0,64;2;0,259;-0,922;2,1;
wland;;2,03;;;;
wland;0,3;1,98;0,361;-0,803;2,35;
wland;0,88;2,05;0,063;-0,921;2,09;
wland;;2,18;;;;
wland;1,22;2,18;0,311;-0,847;1,81;
wland;;2,29;;;;
wland;;2,32;;;;
wland;1,19;1,87;0,318;-0,689;2,16;
wland;1,13;2,1;0,328;-0,871;2;
wland;0,52;1,97;0,349;-0,875;2,07;
wland;;1,87;;;;
wland;0,62;2;0,404;-0,748;2,28;
wland;;1,9;;;;
wland;0,62;1,9;0,296;-0,702;2,22;
temp_rf;;1,95;0,076;-1,046;1,78;
temp_rf;;1,95;0,56;-0,553;2,21;
temp_rf;;1,9;0,111;-1,155;2,11;
temp_rf;;2,49;-0,137;-2;1,16;
temp_rf;;2,17;0,111;-0,796;2;
temp_rf;;2,19;-0,018;-1,398;1,67;
temp_rf;;1,82;0,114;-1,523;;
temp_rf;;1,68;0,146;-1,097;2,53;
temp_rf;;1,56;0,47;-0,658;;
temp_rf;;2,06;0,461;-0,824;1,83;
temp_rf;;2,31;-0,086;-2;;
temp_rf;;1,73;0,299;-0,658;1,98;
temp_rf;;2,23;-0,051;-2;;
temp_rf;;2,18;-0,013;-1,301;;
temp_rf;;2,16;0,146;-0,854;;
temp_rf;;1,82;-0,092;-1,523;;
temp_rf;;2,29;-0,066;-1,398;1,69;
temp_rf;;2,19;0,037;-0,886;0,97;
trop_rf;;1,92;0,037;-1,398;;
trop_rf;;1,66;0,072;-0,959;;
trop_rf;;2,15;-0,066;-1,301;;
trop_rf;;2,25;-0,06;-1,222;1,79;
trop_rf;;1,66;0,021;-1,301;;
trop_rf;;1,68;0,045;-0,959;;
trop_rf;;1,79;0,204;-1,097;2,36;
trop_rf;;1,85;0,117;-1,097;1,45;
temp_rf;;1,86;0,127;-1;1,66;
temp_rf;;1,78;0,22;-0,959;;
temp_rf;;1,51;0,455;-0,886;1,67;
temp_rf;;1,78;0,281;-1;1,59;
temp_rf;;1,98;0,093;-1,398;;
temp_rf;;2,04;0,045;-1,155;1,48;
temp_rf;;2,31;-0,114;-1,699;1,27;
temp_rf;;1,57;0,338;-0,921;;
temp_rf;;1,91;-0,004;-1,222;;
temp_rf;;1,6;0,243;-1,155;1,51;
temp_rf;;2,04;-0,018;-1,301;;
temp_rf;;2,09;0,104;-1,398;1,48;
temp_rf;;2,35;-0,161;-1,699;;
temp_rf;;2,2;-0,108;-1,398;1,46;
temp_rf;;2,56;-0,229;-1,699;1,27;
temp_for;;2;0,402;;2,29;
temp_for;;1,75;0,428;;2,52;
temp_for;;1,96;0,358;;2;
temp_for;;2,04;0,406;;2,33;
temp_for;;2;0,527;;2,36;
temp_for;;1,76;0,413;;2,34;
temp_for;;1,81;0,301;;2,3;
temp_for;;2,02;0,234;;2,09;
temp_for;;2,01;0,222;;1,83;
temp_for;;1,77;0,405;;2,23;
trop_rf;;1,41;0,412;-0,672;;
trop_rf;;1,63;0,191;-0,674;;
trop_rf;;2,03;0,053;-0,892;;
trop_rf;;1,93;0,154;-0,954;;
trop_rf;;1,87;0,222;-0,798;;
trop_rf;;1,74;0,187;-0,969;;
trop_rf;;1,8;0,329;-0,885;;
trop_rf;;1,93;0,18;-0,997;;
trop_rf;;1,75;0,213;-0,999;;
trop_rf;;1,8;;-1,074;;
trop_rf;;1,89;0,344;-0,914;;
trop_rf;;1,62;0,08;-0,85;;
trop_rf;;1,61;0,247;-0,684;;
trop_rf;;2,03;0,322;-0,944;;
trop_rf;;2,02;;-1,032;;
trop_rf;;1,93;0,329;-0,864;;
trop_rf;;1,82;0,282;-0,814;;
trop_rf;;2,06;0,177;-1,016;;
trop_rf;;2,04;0,119;-0,678;;
trop_rf;;2,11;0,072;-1,026;;
trop_rf;;1,97;-0,048;-0,859;;
trop_rf;;1,92;0,227;-0,931;;
trop_rf;;1,92;0,2;-0,874;;
trop_rf;;1,69;0,444;-0,82;;
trop_rf;;1,94;0,092;-1,083;;
trop_rf;;2,12;;-1,071;;
trop_rf;;2,02;0,237;-0,899;;
trop_rf;;1,66;0,24;-0,911;;
trop_rf;;2,06;0,243;-0,977;;
trop_rf;;2;0,204;-0,743;;
trop_rf;;1,79;0,323;-0,71;;
trop_rf;;1,71;0,326;-0,772;;
trop_rf;;1,97;;-1,012;;
trop_rf;;1,99;0,394;-0,95;;
trop_rf;;1,74;0,176;-0,809;;
trop_rf;;2;0,18;-1,063;;
trop_rf;;1,73;0,16;-0,939;;
trop_rf;;2,14;0,228;-0,985;;
trop_rf;;1,85;0,403;-0,636;;
trop_rf;;2,12;;-1,113;;
trop_rf;;1,84;0,202;-0,745;;
trop_rf;;1,82;0,327;-0,852;;
trop_rf;;1,57;0,508;-0,664;;
trop_rf;;1,81;0,362;-0,755;;
trop_rf;;2;0,143;-0,913;;
trop_rf;;2,07;0,223;-0,695;;
trop_rf;;2,11;0,201;-1,158;;
trop_rf;;1,96;0,029;-1,149;;
trop_rf;;1,94;0,015;-1,165;;
trop_rf;;1,73;0,253;-0,984;;
trop_rf;;1,74;0,14;-1,184;;
trop_rf;;2,04;0,038;-1,16;;
trop_rf;;1,62;0,206;-1,157;;
trop_rf;;1,98;0,272;-0,761;;
trop_rf;;1,77;0,129;-0,795;;
trop_rf;;2,14;-0,123;-1,105;;
trop_rf;;1,78;0,29;-0,743;;
trop_rf;;2,19;;-0,914;;
trop_rf;;1,86;0,152;-0,95;;
trop_rf;;1,73;0,351;-0,921;;
trop_rf;;1,76;0,36;-0,821;;
trop_rf;;1,79;0,336;-0,753;;
trop_rf;;1,98;0,257;-0,956;;
trop_rf;;1,81;0,227;-0,943;;
trop_rf;;1,91;0,048;-1,121;;
trop_rf;;1,76;0,452;-0,678;;
trop_rf;;1,6;0,137;-0,985;;
trop_rf;;1,93;0,191;-1,12;;
trop_rf;;2,05;0,025;-1,128;;
trop_rf;;1,82;0,319;-0,658;;
temp_for;0,92;2,12;0,167;;2,08;
temp_for;0,96;2,13;0,083;;1,97;
temp_for;0,75;2,03;-0,022;;2,14;
temp_for;0,88;2,1;0,121;;2,02;
temp_for;0,93;2,04;0,185;;2,1;
temp_for;1,09;2,1;0,009;;1,74;
temp_for;0,94;2,11;0,111;;2,06;
temp_for;0,92;1,99;0,225;;2,18;
temp_for;0,84;2,08;0,004;;2,04;
temp_for;0,9;2,15;0,238;;2,09;
temp_for;0,88;2,04;0,204;;2,18;
temp_for;0,92;2,21;-0,051;;2,08;
temp_for;0,91;2,06;0,288;;2,13;
temp_for;0,94;2,06;0,143;;1,88;
temp_for;1,04;2,35;-0,06;;1,95;
temp_for;0,84;2,01;0,25;;2,1;
temp_for;1,01;2,17;0,121;;2,2;
wland;1,1;1,66;;;;
wland;1,18;1,65;;;;
wland;1,14;1,67;;;;
wland;1,05;1,66;;;;
wland;1,37;1,69;;;;
wland;1,35;1,86;;;;
wland;1,37;1,64;;;;
wland;;1,77;;;;
wland;;1,9;;;;
wland;;1,91;;;;
wland;;1,69;;;;
trop_rf;;;-0,051;-1,244;;
trop_rf;;;-0,187;-1,328;;
trop_rf;;;-0,066;-1,092;;
trop_rf;;;;-0,893;;
trop_rf;;;0,121;-1,745;;
trop_rf;;;-0,161;-1,268;;
trop_rf;0,67;;0,423;;;
trop_rf;0,59;;0,342;;;
trop_rf;;;0,344;;;
trop_rf;1,32;;0,371;;;
trop_rf;1,46;;0,111;;;
trop_rf;0,85;;0,369;;;
trop_rf;0,9;;0,369;;;
trop_rf;;;0,348;;;
trop_rf;1,07;;0,391;;;
trop_rf;0,93;;0,491;;;
trop_rf;1,28;;0,233;;;
trop_rf;1,36;;0,193;;;
trop_rf;0,84;;0,348;;;
trop_rf;1,46;;0,332;;;
trop_rf;1,68;;0,413;;;
trop_rf;1,36;;0,354;;;
trop_rf;1,1;;0,258;;;
trop_rf;0,72;;0,365;;;
trop_rf;;;0,433;;;
trop_rf;0,82;;0,386;;;
trop_rf;0,72;;0,484;;;
trop_rf;0,94;;0,45;;;
trop_rf;0,85;;0,299;;;
trop_rf;1,54;;0,068;;;
trop_rf;0,95;;0,223;;;
trop_rf;1,48;;0,491;;;
trop_rf;1,53;;0,38;;;
trop_rf;1,51;;0,314;;;
trop_rf;0,67;;0,318;;;
trop_rf;0,6;;0,47;;;
trop_rf;1,45;;0,204;;;
trop_rf;1,38;;0,433;;;
trop_rf;1,01;;0,473;;;
trop_rf;;;0,207;;;
trop_rf;0,96;;0,371;;;
trop_rf;0,67;;0,428;;;
trop_rf;0,88;;0,45;;;
trop_rf;1,32;;0,272;;;
trop_rf;1,48;;0,41;;;
trop_rf;0,93;;0,255;;;
trop_rf;1,43;;0,465;;;
trop_rf;1,04;;0,373;;;
trop_rf;0,77;;0,34;;;
trop_rf;0,59;;0,422;;;
trop_rf;0,69;;0,418;;;
trop_rf;0,81;;0,461;;;
wland;;1,76;0,372;-0,784;;
wland;;1,88;0,454;-0,752;;
wland;;1,86;0,372;-0,804;;
wland;;1,84;0,549;-0,685;;
wland;;1,97;0,362;-0,717;;
wland;;1,88;0,361;-0,908;;
wland;;1,86;0,44;-0,796;;
wland;;1,91;0,297;-0,63;;
wland;;2,04;0,32;-0,997;;
wland;;1,78;0,169;-1,015;;
wland;;1,88;0,376;-0,846;;
wland;;1,79;0,327;-0,813;;
wland;;1,83;0,39;-0,765;;
wland;;1,94;0,253;-0,896;;
wland;;1,79;0,466;-0,933;;
wland;;1,65;0,403;-0,517;;
wland;;1,81;0,285;-0,38;;
wland;;2;0,123;-0,969;;
wland;;1,95;0,152;-1,046;;
wland;;1,81;0,389;-0,719;;
wland;;1,91;0,378;-0,865;;
wland;;1,68;0,455;-0,76;;
wland;;1,89;0,41;-0,739;;
wland;;1,94;0,266;-0,689;;
wland;;1,86;0,144;-0,776;;
wland;;1,88;0,353;-0,651;;
wland;;1,9;0,483;-0,826;;
wland;;2,11;0,206;-0,891;;
wland;;1,84;0,341;-0,642;;
wland;;1,75;0,532;-0,747;;
wland;;2,04;0,353;-0,765;;
wland;;2;0,198;-0,972;;
wland;;1,85;0,354;-0,758;;
wland;;1,93;0,337;-0,846;;
wland;;2,19;0,116;-0,917;;
wland;;2,15;0,224;-0,71;;
wland;;2,08;0,208;-0,748;;
wland;;2,15;0,067;-1,016;;
wland;;1,84;0,482;-0,672;;
wland;;2;0,437;-0,796;;
wland;;2,2;0,37;-0,747;;
wland;;1,87;0,41;-0,85;;
wland;;1,88;0,458;-0,771;;
wland;;1,76;0,355;-0,816;;
wland;;1,74;0,48;-0,758;;
wland;;2,07;0,014;-0,991;;
wland;;1,82;0,266;-0,75;;
wland;;1,78;0,35;-0,738;;
wland;;1,7;0,473;-0,811;;
wland;;1,65;0,381;-0,66;;
wland;;1,81;0,401;-0,734;;
wland;;1,84;0,432;-0,68;;
wland;;1,72;0,522;-0,614;;
wland;;1,43;0,584;-0,515;;
wland;;1,86;0,403;-0,736;;
wland;;2,07;0,378;-0,67;;
wland;;1,8;0,212;-0,738;;
wland;;1,95;0,504;-0,591;;
wland;;2,14;0,354;-0,791;;
wland;;1,88;0,339;-0,747;;
wland;;1,74;0,233;-1,009;;
wland;;2;0,186;-1,044;;
wland;;2,14;0,05;-1,015;;
wland;;1,8;0,379;-0,794;;
wland;;2,07;0,074;-0,951;;
wland;;2,03;0,26;-0,802;2,19;
wland;;2,23;0,156;-0,588;1,65;
wland;;2,81;-0,121;-0,958;0,68;
wland;;2,52;0,033;-0,969;1,51;
wland;;2,87;-0,048;-0,927;0,95;
wland;;2,5;-0,015;-1,013;1,36;
wland;;;0,374;-0,772;;
wland;1,26;2,24;-0,155;-1,464;1,68;
wland;1,26;2,01;0,1;-1,259;2,03;
wland;0,81;1,95;-0,009;-1,319;1,9;
wland;0,81;1,85;0,049;-1,177;1,96;
wland;0,81;1,93;0,1;-1,171;2,11;
alpine;0,36;1,65;0,665;;2,56;
alpine;;1,58;0,468;;;
alpine;;1,68;0,505;;;
alpine;;1,62;0,474;;;
alpine;;1,72;0,356;;;
alpine;;1,5;0,417;;;
alpine;0,25;1,69;0,606;;2,64;
alpine;0,41;1,68;0,519;;2,67;
alpine;;1,77;0,21;;;
alpine;;1,82;0,134;;;
alpine;0,32;1,85;0,393;;2,33;
alpine;0,48;1,85;0,413;;2,29;
alpine;;1,7;0,501;;;
alpine;0,42;1,8;0,373;;2,25;
alpine;0,4;1,9;0,559;;2,48;
alpine;;1,6;0,377;;;
alpine;0,28;1,83;0,474;;2,33;
alpine;0,2;1,41;0,658;;2,81;
alpine;0,3;1,72;0,449;;2,5;
alpine;;1,6;0,635;;;
alpine;0,13;1,85;0,593;;2,47;
alpine;;1,68;0,391;;;
alpine;0,38;1,78;0,516;;2,43;
alpine;;1,72;0,398;;;
alpine;0,4;1,86;0,428;;2,22;
alpine;0,49;1,79;0,529;;2,48;
alpine;;1,82;0,31;;;
alpine;;1,77;0,272;;;
alpine;0,34;1,56;0,468;;2,46;
alpine;;1,57;0,364;;;
alpine;;2;0,076;;;
alpine;0,14;1,72;0,504;;2,54;
alpine;;1,43;0,462;;;
alpine;;1,7;0,301;;;
alpine;0,41;1,51;;;;
alpine;;1,57;0,431;;;
alpine;0,3;1,58;0,544;;2,7;
alpine;;2;0,544;;;
alpine;0,34;1,72;0,453;;2,65;
alpine;;1,75;0,322;;;
alpine;0,46;1,72;0,386;;2,38;
alpine;;1,64;0,301;;;
alpine;;1,65;0,146;;;
alpine;;1,57;0,378;;;
alpine;0,27;1,72;0,49;;2,59;
alpine;;1,54;0,544;;;
alpine;;1,77;0,342;;;
alpine;0,49;1,62;0,391;;2,4;
alpine;;1,65;0,23;;;
alpine;0,26;1,8;0,374;;2,39;
alpine;;1,75;0,464;;;
alpine;;1,51;0,519;;;
alpine;;1,83;0,301;;;
alpine;0,34;1,54;0,556;;2,82;
alpine;0,3;1,53;0,653;;2,68;
alpine;;1,51;0,23;;;
alpine;;1,82;0,377;;;
alpine;;1,78;0,121;;;
alpine;;1,97;-0,032;;;
alpine;;1,72;0,508;;;
alpine;;1,77;0,364;;;
alpine;;1,52;0,602;;;
alpine;;1,6;0,537;;;
alpine;0,43;1,98;0,465;;;
alpine;;2,06;0,336;;;
alpine;;2,3;-0,174;;;
alpine;;1,94;0,217;;;
alpine;0,81;2,15;0,225;;;
alpine;0,59;2,19;0,352;;;
alpine;0,53;1,9;0,405;;;
alpine;;2,04;0,356;;;
alpine;0,98;2,23;0,201;;;
alpine;;1,94;0,225;;;
alpine;1,34;2,3;0,029;;;
alpine;0,54;1,92;0,592;;;
alpine;;1,77;0,19;;;
alpine;0,81;2,1;0,449;;;
alpine;;2,21;0,124;;;
alpine;0,54;1,84;0,519;;;
alpine;0,53;1,83;0,568;;;
alpine;1,01;2,09;0,26;;;
alpine;0,94;2,26;0,35;;;
alpine;;2,03;0,422;;;
alpine;;1,97;0,334;;;
alpine;;2,13;0,54;;;
alpine;;2,11;0,207;;;
alpine;;2;0,43;;;
alpine;0,59;1,81;0,43;;;
alpine;;2,44;0,083;;;
alpine;0,81;2,37;0,196;;;
alpine;;2,23;0,199;;;
alpine;;1,88;0,328;;;
alpine;0,95;1,82;0,456;;;
alpine;;1,81;0,223;;;
alpine;0,76;1,94;0,364;;;
alpine;;2,11;0,061;;;
alpine;0,82;2,01;0,093;;;
alpine;0,84;1,94;0,394;;;
alpine;0,74;2,04;0,279;;;
alpine;1,03;2,2;-0,108;;;
alpine;;1,83;0,371;;;
alpine;0,88;1,88;0,431;;;
alpine;;1,99;0,161;;;
alpine;;2,2;0,155;;;
alpine;0,68;2,23;0,241;;;
alpine;;1,93;0,42;;;
alpine;;1,68;0,143;;;
alpine;;1,77;0,505;;;
alpine;;2,29;0,164;;;
alpine;;1,87;0,693;;;
wland;;2,09;0,129;;1,8;
wland;;2,36;0,016;;1,66;
wland;;2,2;0,25;;1,73;
wland;;2,03;0,28;;1,86;
wland;;2,12;0,247;;1,8;
trop_for;;;;;;
trop_for;;;;;;
trop_for;;;;;;
trop_for;;;;;;
trop_for;;;;;;
grass/m;;1,92;0,348;;;
grass/m;;1,57;0,514;;;
grass/m;;1,64;0,452;;;
grass/m;;1,61;0,382;;;
grass/m;;1,74;0,305;;;
grass/m;;1,48;0,236;;;
grass/m;;1,8;0,21;;;
grass/m;;1,74;0,281;;;
grass/m;;1,74;0,328;;;
grass/m;;1,59;0,274;;;
grass/m;;1,43;0,324;;;
grass/m;;2,03;0,138;;;
grass/m;;2,21;0,06;;;
grass/m;;1,58;0,504;;;
grass/m;;1,56;0,508;;;
grass/m;;1,64;0,458;;;
grass/m;;1,58;0,277;;;
grass/m;;1,74;0,441;;;
grass/m;;1,65;0,441;;;
grass/m;;1,89;0,441;;;
grass/m;;1,63;0,407;;;
grass/m;;1,54;0,305;;;
grass/m;;1,46;0,342;;;
grass/m;;1,48;0,684;;;
grass/m;;1,63;0,432;;;
grass/m;;2,12;0,06;;;
grass/m;;1,57;0,427;;;
grass/m;;1,97;0,334;;;
grass/m;;1,8;0,254;;;
grass/m;;1,72;0,632;;;
grass/m;;2,17;0,218;;;
grass/m;;2;0,229;;;
grass/m;;1,85;0,151;;;
grass/m;;1,77;0,392;;;
grass/m;;1,75;0,361;;;
grass/m;;1,92;0,443;;;
grass/m;;1,5;0,508;;;
grass/m;;1,96;0,101;;;
grass/m;0,76;1,84;0,328;;2,16;
grass/m;;1,56;0,516;;;
grass/m;0,71;1,74;0,325;;2,39;
grass/m;;1,54;0,432;;;
grass/m;0,68;1,85;0,277;;2,23;
grass/m;;1,55;0,536;;;
grass/m;0,75;1,74;0,534;;2,25;
grass/m;;1,82;0,409;;;
grass/m;;1,91;0,289;;;
grass/m;;1,84;0,394;;;
grass/m;0,65;1,7;0,379;;2,53;
grass/m;;1,71;0,645;;;
grass/m;;1,97;0,325;;;
grass/m;0,68;1,79;0,289;;2,31;
grass/m;0,82;1,73;0,364;;2,24;
grass/m;;1,87;0,473;;;
grass/m;0,85;1,84;0,325;;2,32;
grass/m;1,08;1,79;0,184;;1,88;
grass/m;;1,9;0,254;;;
grass/m;0,32;1,64;0,399;;2,53;
grass/m;;1,56;0,544;;;
grass/m;;1,4;0,46;;;
grass/m;;1,69;0,543;;;
grass/m;;1,6;0,394;;;
grass/m;0,41;1,8;0,24;;1,83;
grass/m;0,34;1,53;0,384;;2,4;
grass/m;0,57;1,81;0,23;;2,01;
grass/m;0,45;1,73;0,3;;2,21;
grass/m;;1,55;0,427;;;
grass/m;0,33;1,61;0,342;;2,37;
grass/m;;1,45;0,336;;;
grass/m;0,62;1,91;0,21;;2,41;
grass/m;1,21;2,21;0,164;;1,52;
grass/m;0,54;1,58;0,419;;2,38;
grass/m;0,62;1,86;0,27;;2,16;
grass/m;0,47;1,8;0,308;;2,57;
grass/m;;1,71;0,439;;;
grass/m;;1,58;0,46;;;
grass/m;;1,98;0,203;;;
grass/m;;1,49;0,264;;;
grass/m;;1,59;0,328;;;
grass/m;0,3;1,66;0,48;;2,11;
grass/m;0,44;1,75;0,402;;2,44;
grass/m;0,52;1,68;0,504;;2,45;
grass/m;;1,84;0,425;;;
grass/m;0,5;1,93;0,43;;2,33;
grass/m;0,39;1,99;0,334;;2,35;
grass/m;0,42;1,81;0,355;;2,16;
grass/m;;1,53;0,484;;;
grass/m;1,26;2,15;-0,076;;1,4;
grass/m;;1,47;0,323;;;
grass/m;0,62;1,97;0,235;;1,66;
grass/m;;1,6;0,394;;;
grass/m;;1,82;0,26;;;
grass/m;;1,68;0,487;;;
grass/m;0,36;1,66;0,574;;2,39;
grass/m;;2,04;0,257;;;
grass/m;0,31;1,61;0,391;;2,15;
grass/m;0,75;1,99;0,325;;2,08;
grass/m;;1,78;0,308;;;
grass/m;0,59;1,91;0,257;;2,37;
grass/m;0,63;1,89;0,344;;2,25;
grass/m;0,72;1,91;0,279;;2,2;
grass/m;;1,7;0,624;;;
grass/m;1,36;2,23;0,114;;1,73;
grass/m;0,83;2,04;0,304;;1,86;
grass/m;0,53;1,89;0,279;;2,22;
grass/m;;1,73;0,314;;;
grass/m;;1,91;0,27;;;
grass/m;;1,74;0,43;;;
grass/m;0,49;1,71;0,322;;2,32;
grass/m;;1,92;0,394;;;
grass/m;;1,78;0,317;;;
grass/m;0,72;1,89;0,299;;1,73;
grass/m;0,77;1,9;0,296;;1,92;
grass/m;;1,66;0,512;;;
grass/m;;1,62;0,32;;;
grass/m;;1,92;0,039;;;
grass/m;0,57;1,68;0,292;;2,26;
grass/m;;1,42;0,32;;;
grass/m;0,27;1,45;0,498;;2,57;
wland;;2,13;0,32;;2,27;
wland;;2;0,303;;2,03;
wland;;2,07;0,389;;2;
wland;;2,08;0,25;;2,03;
wland;;2,1;0,114;;1,78;
wland;;2,32;0,149;;1,8;
wland;;2,22;0,26;;1,77;
wland;;2,04;0,493;;2,05;
wland;;2,22;0,076;;1,74;
wland;;2,04;0,288;;2,2;
wland;;2,13;0,267;;2,16;
wland;;2,23;0,079;;1,77;
wland;;2,29;0,196;;1,78;
wland;;2,18;0,305;;1,83;
wland;;1,75;0,515;;2,13;
wland;;1,96;0,346;;2,16;
wland;;1,89;0,674;;2,56;
wland;;2,06;0,36;;2,24;
wland;;1,73;0,52;;2,45;
wland;;1,75;0,592;;2,51;
wland;;2,06;0,307;;2,15;
wland;;1,9;0,565;;2,22;
wland;;2,2;0,212;;2,03;
wland;;1,6;0,618;;2,59;
wland;;2,03;0,393;;2,19;
wland;;2,04;0,32;;2,26;
wland;;2,13;0,45;;2,19;
wland;;2,03;0,332;;2,06;
wland;;1,84;0,563;;2,33;
wland;;1,64;0,61;;2,55;
wland;;1,72;0,562;;2,34;
wland;;1,59;0,622;;2,51;
wland;;1,8;0,43;;2,27;
wland;;1,74;0,635;;2,79;
wland;;1,77;0,407;;2,53;
wland;;1,98;0,571;;2,36;
wland;;1,94;0,716;;2,41;
wland;;1,71;0,581;;2,65;
wland;;2,4;0,155;;1,72;
wland;;1,83;0,623;;2,6;
wland;;1,54;0,55;;2,74;
wland;;1,62;0,738;;2,63;
wland;;1,68;0,757;;2,78;
wland;;1,73;0,531;;2,5;
wland;;2,05;0,375;;2,31;
wland;;2,23;0,228;;1,88;
wland;;2,23;0,22;;1,84;
wland;;1,9;0,391;;2,47;
wland;;1,68;0,702;;2,8;
wland;;2,06;0,241;;2,02;
wland;;1,96;0,371;;2,28;
wland;;2,02;0,436;;2,2;
wland;;1,86;0,318;;2,53;
wland;;1,92;0,524;;2,44;
temp_for;1,15;2,08;0,002;;1,65;
temp_for;1,16;2,05;-0,1;;1,67;
temp_for;1,09;2,01;0,006;;1,86;
temp_for;0,89;2,02;0,06;;1,84;
temp_for;1,38;2,05;-0,01;;1,61;
temp_for;1,2;1,98;0,021;;1,62;
temp_for;1,22;1,76;0,098;;1,82;
temp_for;1,16;1,91;0,043;;1,78;
trop_rf;;1,74;0,398;;2,01;
trop_rf;;1,82;0,17;;1,72;
trop_rf;;1,54;0,515;;2,34;
trop_rf;;1,69;0,28;;1,94;
trop_rf;;1,67;0,324;;2,03;
trop_rf;;1,82;0,18;;1,87;
trop_rf;;2,06;0,132;;1,67;
trop_rf;;1,82;0,171;;1,89;
trop_rf;;1,99;0,184;;1,74;
trop_rf;;2,1;0,053;;1,77;
temp_rf;;2,07;0,253;;1,51;
temp_rf;;2,26;0,101;;1,29;
temp_rf;;2,32;0,085;;1,24;
temp_rf;;2,17;0,347;;1,66;
temp_rf;;2,2;0,087;;1,43;
temp_rf;;2,07;0,346;;1,39;
temp_rf;;2,26;0,246;;1,2;
temp_rf;;2,11;0,336;;1,5;
temp_rf;;2,08;0,134;-1,075;;
temp_rf;;1,95;0,111;-1,147;;
temp_rf;;2,01;0,322;-1,025;;
temp_rf;;2,18;0,057;-1,174;;
temp_rf;;1,94;0,356;-0,818;;
temp_rf;;1,92;0,262;-0,94;;
temp_for;;1,81;0,207;-0,959;;
temp_for;;1,87;0,22;-0,921;;
temp_for;;1,83;0,294;-0,921;;
temp_for;;1,88;0,236;-0,921;;
temp_for;;1,9;0,253;-0,721;;
temp_for;;1,94;0,176;-0,886;;
temp_for;;1,97;0,21;-0,921;;
temp_for;;2,02;0,14;-0,921;;
temp_for;;1,86;;;2,06;
temp_for;;1,77;;;1,93;
temp_for;;1,79;;;2,02;
temp_for;;1,89;;;2,29;
temp_for;;2,04;;;2,06;
trop_rf;0,93;1,92;0,22;;2,1;1,41
trop_rf;0,8;2,14;0,307;;2,13;1,33
trop_rf;0,76;1,89;0,328;;2;1,43
trop_rf;0,76;1,97;0,316;;2,32;1,26
trop_rf;0,48;1,83;0,583;;2,36;1,46
trop_rf;0,46;2,06;0,417;;2,24;1,34
temp_for;;1,65;;;1,97;
temp_for;0,65;1,75;0,204;;1,91;
temp_for;;1,8;;;1,94;
temp_for;0,63;1,8;;;1,97;
temp_for;0,67;1,81;;;2,01;
temp_for;0,55;1,83;;;2,18;
temp_for;;1,86;;;1,88;
temp_for;0,63;1,88;;;1,95;
temp_for;0,57;1,9;0,491;;1,96;
temp_for;0,64;1,86;;;2,01;
temp_for;0,71;1,87;;;2;
temp_for;0,57;1,86;0,38;;2,02;
temp_for;;1,88;;;2,01;
temp_for;;1,87;0,38;;2,03;
temp_for;;1,86;;;2,07;
temp_for;;1,86;0,531;;2,12;
temp_for;0,52;1,89;0,505;;2,16;
temp_for;;1,91;;;1,94;
temp_for;;1,92;0,505;;1,95;
temp_for;;1,93;;;1,97;
temp_for;;1,93;;;1,98;
temp_for;0,62;1,91;;;2,03;
temp_for;;1,91;;;2,1;
temp_for;0,65;1,91;;;2,15;
temp_for;0,73;1,98;;;1,76;
temp_for;0,72;1,96;;;1,87;
temp_for;0,55;1,98;;;1,92;
temp_for;;1,98;;;1,98;
temp_for;;2,01;;;1,85;
temp_for;0,56;2,01;;;2,1;
temp_rf;;2,18;0,127;;;
temp_rf;;2,03;0,02;;;
temp_rf;;2,05;-0,039;;;
temp_rf;;1,78;0,146;;;
tundra;;1,69;0,359;;;
tundra;;1,86;0,507;;;
tundra;1,17;2,11;0,191;;;
tundra;;1,48;0,473;;;
tundra;;1,37;0,375;;;
tundra;0,47;1,93;0,158;;;
tundra;;1,61;0,594;;;
tundra;;1,67;0,704;;;
tundra;;1,86;0,42;;;
tundra;0,48;1,91;0,35;;;
tundra;;1,84;0,441;;2,08;
tundra;;1,59;0,245;;;
tundra;;1,38;0,553;;;
tundra;;1,88;0,232;;;
tundra;;1,84;0,383;;;
tundra;;1,79;0,286;;;
tundra;1,52;;-0,071;;;
tundra;;1,82;0,47;;;
tundra;;1,51;0,315;;;
tundra;;1,74;0,27;;;
tundra;;;-0,095;;;
tundra;;1,4;0,079;;1,66;
tundra;0,44;1,97;0,306;;;
tundra;;1,62;0,388;;;
tundra;1,61;2,25;-0,108;;;
tundra;1,61;1,94;0,078;;1,6;
tundra;;1,61;0,363;;;
tundra;;1,88;0,409;;;
tundra;;1,49;0,73;;;
tundra;;1,55;0,444;;;
tundra;;1,66;0,435;;;
tundra;;1,45;0,217;;;
tundra;;2,36;0,349;;;
tundra;;2,22;0,059;;;
tundra;;1,53;0,687;;;
tundra;1,57;2,4;-0,149;;;
tundra;;;-0,066;;;
tundra;;1,57;0,517;;;
tundra;;1,5;0,27;;;
tundra;;1,75;0,273;;;
tundra;0,32;1,79;0,488;;;
tundra;;1,81;0,269;;;
tundra;1,45;2,08;-0,081;;;
tundra;;2,48;0,122;;;
tundra;;1,22;0,2;;1,79;
tundra;;2,48;-0,025;;;
tundra;0,27;1,84;0,5;;;
tundra;;1,89;0,399;;;
tundra;;1,82;0,55;;;
tundra;;1,53;0,494;;;
tundra;1,14;2,13;0,222;;;
tundra;;1,52;0,469;;;
tundra;;1,91;0,275;;;
tundra;;1,48;0,359;;;
tundra;;1,6;0,523;;;
tundra;;1,93;0,389;;;
tundra;0,47;2,07;0,236;;;
tundra;0,51;2,1;0,228;;;
tundra;;1,56;0,457;;;
tundra;;1,8;0,287;;;
tundra;;1,69;0,423;;;
tundra;;1,41;0,674;;;
tundra;0,47;1,73;0,278;;2,01;
tundra;0,47;1,89;0,298;;2,01;
tundra;1,44;2,2;-0,016;;1,6;
tundra;;1,44;0,735;;;
tundra;0,39;1,98;0,27;;;
tundra;;1,66;0,75;;;
tundra;;1,67;0,746;;;
tundra;;1,9;0,391;;;
tundra;0,32;1,91;0,499;;;
tundra;;1,79;0,462;;;
tundra;1,59;2,13;0,134;;;
tundra;1,63;2,2;0,132;;;
tundra;0,42;2,06;0,31;;;
tundra;1,62;2,19;-0,015;;;
tundra;;1,76;0,509;;;
tundra;1,72;2,36;0,023;;;
tundra;;1,53;0,361;;;
tundra;;1,79;0,545;;;
tundra;;1,69;0,442;;;
tundra;0,35;1,96;0,362;;;
tundra;;1,62;0,499;;;
tundra;1,53;2,11;0,043;;;
tundra;0,24;1,94;0,57;;;
tundra;0,34;1,91;0,428;;;
tundra;0,43;1,7;0,484;;;
tundra;1,12;2,2;0,272;;;
tundra;;1,9;0,415;;;
tundra;0,42;1,91;0,427;;;
tundra;;1,98;0,394;;;
tundra;0,4;1,92;0,395;;;
tundra;0,44;2,04;0,356;;;
tundra;0,2;1,8;0,461;;;
tundra;;1,56;0,398;;;
tundra;0,34;1,86;0,212;;;
tundra;0,35;1,9;0,398;;;
tundra;1,57;2,39;-0,013;;;
tundra;;1,56;0,491;;;
tundra;1,72;;0,076;;;
tundra;;2,07;0,371;;;
tundra;;1,85;0,628;;;
tundra;;1,9;0,603;;;
tundra;;1,87;0,587;;;
wland;0,78;1,85;0,265;-0,721;2,27;
wland;0,76;1,95;0,326;-0,745;2,07;
wland;0,82;2,04;0,31;-0,62;1,96;
wland;0,79;1,98;0,288;-0,721;2;
wland;0,91;1,81;0,314;-0,824;2,19;
trop_for;;2,06;0,286;-0,284;;
trop_for;;1,61;0,258;-0,585;;
trop_for;;1,74;0,501;-0,77;;
trop_for;;2,06;0,243;-0,721;;
trop_for;;2,02;0,418;-0,721;;
trop_for;;1,96;0,299;-0,77;;
trop_for;;1,9;0,484;-0,721;;
trop_for;;1,79;0,362;-0,854;;
trop_for;;1,88;0,479;-0,337;;
trop_for;;2,06;0,204;-0,721;;
trop_for;;1,83;0,436;-0,959;;
trop_for;;1,95;0,068;-0,824;;
trop_for;;1,82;0,342;-0,77;;
trop_for;;2,06;0,326;-0,77;;
trop_for;;1,83;0,301;-0,796;;
trop_for;;2,08;0,32;-0,745;;
trop_for;;1,96;0,134;-0,854;;
trop_for;;2,01;0,212;-0,569;;
trop_for;;2,16;0,104;-0,824;;
trop_for;;2,1;0,111;-0,959;;
trop_for;;1,93;0,5;-0,678;;
trop_for;;2,04;0,17;-0,921;;
trop_for;;1,9;0,19;-0,886;;
trop_for;;1,91;0,182;-0,77;;
trop_for;;2,01;0,238;-0,553;;
trop_for;;1,82;0,524;-0,678;;
trop_for;;1,67;0,35;-0,222;;
trop_for;;1,8;0,439;-0,796;;
trop_for;;1,92;0,342;-0,569;;
trop_for;;2,01;0,143;-0,824;;
trop_for;;2,04;0,228;-0,745;;
trop_for;;1,94;0,307;-0,678;;
trop_for;;2,11;0,152;-0,569;;
trop_for;;2,05;0,248;-0,921;;
trop_for;;2,19;0,127;-0,921;;
trop_for;;1,76;0,396;-0,398;;
trop_for;;2,13;0,225;-0,824;;
trop_for;;2,1;0,223;-0,347;;
trop_for;;2,09;0,21;-0,602;;
trop_for;;1,96;0,292;-0,886;;
trop_for;;1,83;0,307;-0,77;;
trop_for;;1,99;0,23;-0,538;;
trop_for;;1,81;0,326;-0,678;;
trop_for;;1,86;0,403;-0,62;;
trop_for;;1,78;0,446;-0,824;;
trop_for;;2,01;0,382;-0,745;;
trop_for;;1,96;0,238;-0,678;;
trop_for;;1,98;0,155;-0,585;;
trop_for;;1,61;0,464;-0,367;;
trop_for;;1,72;0,479;-0,432;;
trop_for;;1,95;0,31;-0,678;;
trop_for;;1,91;0,253;-0,284;;
trop_for;;1,83;0,262;-0,538;;
trop_for;;2,02;0,286;-0,77;;
trop_for;;1,89;0,246;-0,824;;
trop_for;;1,94;0,358;-0,699;;
trop_for;;1,95;0,217;-0,745;;
trop_for;;1,9;0,418;-0,959;;
trop_for;;1,93;0,182;-1,046;;
trop_for;;2,06;0,13;-1,046;;
trop_for;;1,74;0,614;-0,268;;
trop_for;;2,13;0,176;-0,77;;
trop_for;;2,12;0,164;-0,721;;
trop_for;;2,2;-0,066;-0,495;;
trop_for;;1,87;0,288;-0,569;;
trop_for;;1,86;0,283;-0,886;;
trop_for;;2,04;0,124;-0,886;;
trop_for;;2,12;0,246;-0,721;;
trop_for;0,95;2,09;0,32;-0,824;;
trop_for;;2,16;0,158;-1,046;;
trop_for;;1,91;0,393;-0,745;;
trop_for;;2,1;0,121;-0,301;;
trop_for;;1,94;0,29;-0,824;;
trop_for;1;2,06;0,299;-0,886;;
trop_for;1,04;2,15;0,405;-0,854;;
trop_for;1,04;2,08;0,167;-0,959;;
trop_for;0,85;1,96;0,322;-0,721;;
trop_for;;1,94;0,23;-0,921;;
trop_for;;2,08;0,305;-0,921;;
trop_for;;2,11;0,13;-1,046;;
trop_for;;1,91;0,21;-0,328;;
trop_for;;1,93;0,356;-0,796;;
trop_for;;2,06;0,394;-1;;
trop_for;1,11;1,99;0,294;-0,959;;
trop_for;;2,13;0,149;-1,097;;
trop_for;1,11;2,13;0,303;-0,959;;
trop_for;1;2,03;0,167;-0,886;;
trop_for;;1,82;0,364;-0,886;;
trop_for;;1,92;0,193;-0,959;;
trop_for;;2;0,34;-0,886;;
temp_for;0;1,93;0,264;;2,22;1,18
temp_for;0,3;1,74;0,251;;2,19;1,2
temp_for;;1,81;0,376;;2,35;1,24
temp_for;0;1,69;0,226;;2,47;1,24
temp_for;;1,79;0,272;;2,13;1,12
temp_for;0,3;1,75;0,202;;2,19;1,13
temp_for;0;1,97;0,181;;2,07;1,09
temp_for;;1,8;0,452;;2,32;1,42
temp_for;;1,73;0,515;;2,46;
temp_for;;1,93;0,353;;2,41;1,32
temp_for;0;1,68;0,177;;2,47;1,18
temp_for;0,3;1,97;0,174;;2,2;1,08
temp_for;0,3;1,74;0,294;;2,42;1,23
temp_for;1,73;2,1;-0,018;;;
temp_for;1,62;2,15;0,004;;;
temp_for;2,46;2,5;-0,237;;;
temp_for;1,62;2,25;-0,06;;;
temp_for;1,11;2,01;0,241;;;
temp_for;1,63;2,09;-0,004;;;
temp_for;1,67;2,13;0,193;;;
temp_for;1,65;2,04;0,057;;;
temp_for;1,45;2,22;0,076;;;
temp_for;1,58;2,18;0,064;;;
temp_for;1,4;1,99;0,33;;;
temp_for;1,94;2,31;-0,036;;;
temp_for;1,58;2,25;-0,032;;;
temp_for;1,7;2,12;0,029;;;
temp_for;1,38;2,17;-0,046;;;
temp_for;1,5;2,16;-0,071;;1,85;0,97
temp_for;1,45;2,14;0,033;;1,81;1,01
temp_for;1,43;2,13;-0,097;;1,91;0,71
temp_for;1,31;2,21;0,057;;1,79;0,99
temp_for;1,16;2,09;0,238;;1,97;0,95
temp_for;1,38;2,22;-0,009;;1,57;0,77
temp_for;1,46;2,29;0,037;;1,59;0,79
temp_for;1,38;2,09;-0,076;;1,86;0,91
temp_for;1,52;2,02;0,004;;1,9;0,64
temp_for;1,45;2,23;0,041;;1,56;0,67
temp_for;1,53;2,17;-0,032;;1,58;0,61
temp_for;1,64;2,13;-0,009;;1,62;0,57
temp_for;1,2;2,12;0,083;;1,86;0,89
temp_for;1,56;2,26;-0,215;;1,64;0,97
temp_for;0,85;2,01;0,182;;2,14;1,2
temp_for;1,53;2,12;0;;1,88;0,77
temp_for;1,72;2,19;-0,097;;1,77;0,81
temp_for;1,43;2,21;0,161;;1,6;0,79
temp_for;1,32;2,14;0,041;;1,77;0,97
temp_for;1,56;2,12;0;;1,67;0,72
temp_for;1,3;2,13;0,111;;1,91;1,06
temp_for;1,89;2,3;-0,125;;1,6;0,63
temp_for;1,56;2,11;-0,092;;1,66;0,68
trop_for;1,08;;;;;
trop_for;1,08;;;;;
trop_for;1,11;;;;;
trop_for;1,06;;;;;
trop_for;1,11;;;;;
trop_for;1,08;;;;;
trop_for;0,81;;;;;
grass/m;;;;;;
grass/m;;;;;;
grass/m;;;;;;
grass/m;;;;;;
grass/m;;;;;;
grass/m;;;;;;
grass/m;;;;;;
grass/m;;;;;;
grass/m;;;;;;
grass/m;;;;;;
grass/m;;;;;;
grass/m;;;;;;
grass/m;;;;;;
grass/m;;;;;;
grass/m;;;;;;
grass/m;;;;;;
grass/m;;;;;;
grass/m;;;;;;
grass/m;;;;;;
grass/m;;;;;;
grass/m;;;;;;
grass/m;;;;;;
grass/m;;;;;;
grass/m;;;;;;
grass/m;;;;;;
grass/m;;;;;;
grass/m;;;;;;
wland;1,38;2,38;0,137;;1,7;
wland;1,18;2,3;0,29;;1,91;
wland;0,83;2,15;0,377;;2,04;
wland;0,73;2,09;0,438;;2,15;
wland;0,73;2,08;0,292;;2,02;
wland;0,65;2,13;0,344;;2,05;
wland;;2,07;0,43;;;
wland;;1,91;0,55;;;
wland;;2,03;0,574;;;
wland;;1,78;0,775;;;
wland;;1,95;0,543;;;
wland;;1,56;0,661;;;
wland;;2,44;0,185;;;
wland;;1,88;0,569;;;
wland;;2,02;0,489;;;
wland;;2,03;0,414;;;
temp_for;;1,66;0,657;;;
temp_for;;1,85;0,671;;;
temp_for;;2,02;0,164;;;
temp_for;;2,15;0,193;;;
temp_for;;1,78;0,69;;;
temp_for;;2,22;0,055;;;
temp_for;;2,3;0,091;;;
temp_for;;2,49;0,025;;;
temp_for;;2,43;0,207;;;
temp_for;;2;0,431;;;
temp_for;;2,09;0,159;;;
temp_for;;2,21;0,142;;;
temp_for;;1,84;0,41;;;
temp_for;;1,9;0,344;;;
temp_for;;2,14;;;;
temp_for;;2,18;0,365;;;
temp_for;;1,98;0,58;;;
temp_for;;2,1;0,594;;;
temp_for;;2,15;0,408;;;
temp_for;;1,7;0,565;;;
temp_for;;2,04;0,489;;;
temp_for;;1,97;0,678;;;
temp_for;;2,06;0,275;;;
temp_for;;2,05;0,324;;;
temp_for;;1,99;0,398;;;
temp_for;;1,8;0,578;;;
temp_for;;2,04;;;;
temp_for;;2,02;0,311;;;
temp_for;;1,83;;;;
temp_for;;1,77;0,507;;;
temp_for;;1,81;0,501;;;
temp_for;;1,98;0,387;;;
temp_for;;1,99;0,23;;;
temp_for;;2,02;0,544;;;
temp_for;;2,1;0,27;;;
temp_for;;2,31;0,127;;;
temp_for;;2,19;0,203;;;
temp_for;;2,3;0,115;;;
temp_for;;2,34;0,276;;;
temp_for;;2,09;0,466;;;
temp_for;;2,48;0,073;;;
temp_for;;2,4;-0,064;;;
temp_for;;2,15;;;;
temp_for;;2,26;;;;
temp_for;;2,44;;;;
temp_for;;2,2;0,333;;;
temp_for;;2;0,397;;;
temp_for;;2,12;0,27;;;
temp_for;;2,21;;;;
wland;;2,2;0,284;;;
wland;;2,03;0,174;;;
wland;;1,99;0,282;;;
wland;;2,07;0,378;;;
wland;;2,17;0,108;;;
wland;;1,91;0,459;;;
wland;;2,28;0,163;;;
wland;;2,34;0,083;;;
wland;;2,04;0,199;;;
wland;;2,11;0,139;;;
wland;;2;0,606;;;
wland;;1,95;0,512;;;
wland;;1,75;0,674;;;
wland;;2,05;0,295;;;
wland;;1,95;0,462;;;
wland;;2,01;;;;
wland;;2,11;0,195;;;
wland;;2,07;0,477;;;
wland;;2,08;0,396;;;
wland;;2,14;0,29;;;
wland;;1,99;0,359;;;
wland;;2,15;;;;
wland;;2,07;0,254;;;
wland;;1,92;0,551;;;
wland;;1,98;0,543;;;
wland;;2,15;0,312;;;
wland;;1,81;0,771;;;
wland;;2,02;0,327;;;
wland;;1,95;0,423;;;
wland;;1,94;0,482;;;
wland;;1,89;0,714;;;
wland;;1,93;0,516;;;
wland;;2,06;;;;
wland;;1,84;0,687;;;
wland;;2,13;;;;
wland;;2,03;0,352;;;
wland;;1,97;0,359;;;
wland;;;0,523;;;
wland;;2,2;0,415;;;
wland;;1,69;0,672;;;
wland;;2,26;0,547;;;
wland;;2,07;0,209;;;
wland;;2,2;0,037;;;
wland;;2,32;0,031;;;
wland;;2,06;0,32;;;
wland;;2;0,279;;;
wland;;1,72;0,636;;;
wland;;2,31;0,139;;;
wland;;2,28;0,026;;;
wland;;2,2;0,132;;;
wland;;2,4;0,008;;;
wland;;1,93;0,392;;;
wland;;2,25;0,261;;;
wland;;2,28;0,27;;;
wland;;1,77;0,599;;;
wland;;2,22;0,163;;;
wland;;1,94;0,475;;;
wland;;1,8;0,574;;;
wland;;1,94;0,427;;;
temp_for;;2,19;0,255;;2,01;0,65
temp_for;;2,13;0,322;;2,02;0,95
temp_for;;2,1;0,204;;2,02;0,75
temp_for;;2,08;0,23;;1,82;0,52
desert;;1,85;0,699;;2,65;
desert;;1,84;0,642;;2,67;
desert;;1,82;0,732;;2,65;
desert;;1,89;0,549;;2,61;
desert;;1,87;0,436;;2,55;
grass/m;;1,6;0,594;;2,54;
grass/m;;1,74;0,644;;2,59;
grass/m;;1,82;0,581;;2,53;
grass/m;;1,77;0,442;;2,44;
temp_for;;2,37;0,137;;1,73;0,63
temp_for;;2,35;0,037;;1,55;0,35
temp_for;;2,4;0,013;;1,44;0,5
temp_for;;2,24;0,097;;1,44;0,66
temp_for;;2,26;0,117;;1,6;0,59
temp_for;;2,28;0,079;;1,59;
trop_rf;1,41;1,69;0,238;;1,83;
trop_rf;1;1,63;0,182;;2,17;
trop_rf;1,08;1,64;0,322;;1,91;
trop_rf;1,56;1,9;0,13;;1,88;
trop_rf;1,56;1,78;0,176;;1,88;
wland;0,97;2,21;0,114;;;
wland;0,72;1,84;0,38;;;
wland;0,59;1,87;0,322;;;
wland;0,83;1,97;0,447;;;
wland;0,58;1,89;0,362;;;
wland;0,34;2,15;;;;
temp_for;;1,68;;;;
temp_for;;1,89;;;;
temp_for;;1,83;;;;
temp_for;;1,71;;;;
temp_for;;2,12;;;;
temp_for;;2,03;;;;
temp_for;;1,88;;;;
temp_for;;1,91;;;;
temp_for;;2,03;;;;
temp_for;;1,88;;;;
temp_for;;1,8;;;;
temp_for;;1,43;;;;
temp_for;;2,01;;;;
temp_for;;1,57;;;;
temp_for;;1,73;;;;
temp_for;;1,94;;;;
temp_for;;2,04;;;;
temp_for;;1,49;;;;
temp_for;;1,71;;;;
temp_for;;1,42;;;;
temp_for;;1,92;;;;
temp_for;;1,46;;;;
temp_for;;1,98;;;;
temp_for;;1,86;;;;
temp_for;;1,87;;;;
temp_for;;1,6;;;;
temp_for;;1,59;;;;
temp_for;;1,71;;;;
temp_for;;1,99;;;;
temp_for;;1,59;;;;
temp_for;;1,69;;;;
temp_for;;1,61;;;;
temp_for;;1,94;;;;
temp_for;;1,76;;;;
temp_for;;1,95;;;;
temp_for;;1,78;;;;
temp_for;;1,81;;;;
temp_for;;1,8;;;;
temp_for;;1,76;;;;
temp_for;;1,48;;;;
temp_for;;1,42;;;;
temp_for;;1,92;;;;
temp_for;;1,97;;;;
temp_for;;2,03;;;;
temp_for;;1,95;;;;
temp_for;;1,96;;;;
temp_for;;1,71;;;;
temp_for;;1,89;;;;
temp_for;;2,08;;;;
temp_for;;1,86;;;;
temp_for;;2,02;;;;
temp_for;;1,57;;;;
temp_for;;1,76;;;;
temp_for;;2;;;;
temp_for;;1,89;;;;
temp_for;;1,92;;;;
temp_for;;1,99;;;;
temp_for;;1,78;;;;
temp_for;;2;;;;
temp_for;;1,97;;;;
temp_for;;1,97;;;;
temp_for;;2,05;;;;
temp_for;;2,06;;;;
temp_for;;2,01;;;;
temp_for;;1,88;;;;
temp_for;;1,82;;;;
temp_for;;1,84;;;;
temp_for;;1,99;;;;
temp_for;;2,02;;;;
temp_for;;2,02;;;;
temp_for;;1,93;;;;
temp_for;;1,92;;;;
temp_for;;1,88;;;;
temp_for;;1,74;;;;
temp_for;;1,68;;;;
temp_for;;1,61;;;;
temp_for;;1,93;;;;
temp_for;;1,82;;;;
temp_for;;1,92;;;;
temp_for;;1,67;;;;
temp_for;;1,81;;;;
temp_for;;1,89;;;;
temp_for;;1,41;;;;
temp_for;;1,59;;;;
temp_for;;1,72;;;;
temp_for;;1,6;;;;
temp_for;;1,76;;;;
temp_for;;1,76;;;;
temp_for;;2,01;0,332;;;
temp_for;;1,9;0,26;;;
temp_for;;1,73;0,312;;;
temp_for;;1,88;0,377;;;
temp_for;1,48;;;;;
temp_for;1,38;;;;;
temp_for;1,54;;;;;
temp_for;1,32;;;;;
temp_for;1,52;;;;;
temp_for;1,75;;;;;
temp_for;1,71;;;;;
temp_for;1,26;;;;;
temp_for;1,44;;;;;
temp_for;1,48;;;;;
temp_for;1,48;;;;;
trop_for;0,94;1,77;0,422;-0,856;;
trop_for;0,98;1,47;0,495;-0,683;;
trop_for;0,95;1,7;0,432;-0,738;;
trop_for;1,08;1,95;0,518;-0,769;;
trop_for;0,97;1,82;0,493;-0,801;;
trop_for;1,08;1,88;0,42;-0,918;;
trop_for;0,94;1,69;0,452;-0,819;;
trop_for;0,98;1,81;0,46;-0,64;;
trop_for;0,98;1,71;0,452;-0,846;;
trop_for;0,95;1,65;0,454;-0,785;;
trop_rf;1,17;2,03;0,215;;;
trop_rf;1,35;2,03;0,364;;;
trop_rf;1,11;2,13;0,212;;;
trop_rf;1,06;2,06;0,228;;;
trop_rf;1,37;2,2;0,072;;;
trop_rf;1,27;2,3;0,148;;;
trop_rf;1,54;1,91;0,275;;;
trop_rf;1,28;1,9;0,19;;;
trop_rf;1,36;2,15;0,088;;;
trop_rf;1,42;1,82;0,555;;;
trop_rf;0,85;2,1;0,23;;;
trop_rf;1,16;2,09;0,303;;;
trop_rf;;1,9;;;1,44;
trop_rf;;2,09;;;1,49;
trop_rf;;1,66;;;1,49;
trop_rf;;1,94;;;1,41;
trop_rf;;2,1;;;1,34;
trop_rf;;2,06;;;1,47;
trop_rf;;1,87;;;1,76;
trop_rf;;2,29;;;1,46;
trop_rf;;2,03;;;1,36;
trop_rf;;2,2;;;1,61;
trop_rf;;2,09;;;1,27;
trop_rf;;1,88;;;1,5;
grass/m;;1,8;;;;
grass/m;;1,7;;;;
grass/m;;1,74;;;;
grass/m;;1,63;;;;
grass/m;;1,6;;;;
grass/m;;1,52;;;;
grass/m;;1,42;;;;
grass/m;;1,49;;;;
grass/m;;1,64;;;;
grass/m;;1,96;;;;
grass/m;;1,77;;;;
grass/m;;2,12;;;;
grass/m;;1,63;;;;
grass/m;;1,81;;;;
grass/m;;1,71;;;;
grass/m;;1,54;;;;
grass/m;;1,32;;;;
grass/m;;1,63;;;;
grass/m;;1,55;;;;
grass/m;;1,66;;;;
grass/m;;1,82;;;;
grass/m;;1,73;;;;
grass/m;;1,66;;;;
grass/m;;1,57;;;;
grass/m;;1,64;;;;
grass/m;;1,67;;;;
wland;;2,1;;;;
wland;;1,68;;;;
wland;;1,76;;;;
wland;;1,81;;;;
wland;;1,64;;;;
wland;;1,61;;;;
grass/m;;1,78;;;;
grass/m;;1,89;;;;
grass/m;;1,84;;;;
grass/m;;1,71;;;;
grass/m;;1,64;;;;
grass/m;;1,74;;;;
wland;;1,64;;;;
wland;;1,79;;;;
wland;;2,1;;;;
wland;;1,67;;;;
wland;;1,85;;;;
wland;;1,79;;;;
wland;;1,46;;;;
trop_for;;2,08;0,427;;1,89;
trop_for;;2,17;0,32;;1,79;
trop_for;;2,15;0,013;;1,86;
trop_for;;2,16;0,384;;1,86;
trop_for;;2,23;0,375;;1,74;
trop_for;;2,17;0,17;;1,85;
trop_for;;2,07;0,276;;1,9;
trop_for;;2,17;0,188;;1,91;
trop_for;;2,22;0,146;;1,79;
trop_for;;2,17;0,26;;2,08;
trop_for;;2,22;0,276;;1,76;
trop_for;;2,23;0,207;;1,98;
trop_for;;2,31;0,037;;1,71;
trop_for;;2,18;0,164;;1,92;
trop_for;;2,12;0,188;;2,03;
trop_for;;2,2;0,294;;1,89;
trop_for;;2,16;0,179;;1,88;
trop_for;;2,32;0,215;;1,59;
trop_for;;2,13;0,207;;2,16;
trop_for;;2,2;0,27;;1,61;
trop_for;;2,35;0,045;-1,161;1,56;
trop_for;0,52;1,78;0,246;-1,097;2,2;
trop_for;0,99;2,35;-0,108;-1,432;1,77;
trop_for;1,01;2,37;-0,114;-1,432;1,79;
trop_for;0,93;2;0,204;-1,071;2;
trop_for;1,05;2,1;0,064;-1,194;1,82;
trop_for;0,68;2,08;0,182;-1,092;2,03;
trop_for;1,02;2,14;0,061;-1,31;1,93;
trop_for;0,85;1,99;0,305;-0,896;2,03;
trop_for;1,04;2,21;0,061;-1,143;1,81;
trop_for;0,98;2;0,358;-1,092;2,04;
trop_for;0,91;2,26;-0,149;-1,481;1,79;
trop_for;0,85;1,92;0,26;-0,955;2,1;
trop_for;0,98;2,14;0,079;-1,201;1,91;
trop_for;0,72;2;0,179;-1,046;1,97;
trop_for;;2,15;0,017;;1,93;
trop_for;;2,09;0,23;;2,12;
trop_for;1;2,02;0,394;-0,921;2,13;
trop_for;0,94;2,08;-0,018;-1,31;1,83;
trop_for;0,99;2,36;-0,215;-1,553;1,81;
trop_for;0,78;1,82;0,382;-0,759;2,4;
trop_for;0,68;1,92;0,479;-0,73;2,18;
trop_for;0,7;1,88;0,35;-0,833;2,24;
trop_for;0,91;2,17;0,021;-1,086;2,11;
trop_for;0,85;1,92;0,358;-0,775;2,22;
trop_for;0,83;1,72;0,511;-0,785;2,26;
desert;;2,11;;;;
desert;;2,08;;;;
desert;;2,04;;;;
desert;;2,07;;;;
desert;;1,55;;;;
desert;;2;;;;
desert;;1,85;;;;
desert;;1,94;;;;
desert;;1,62;;;;
desert;;1,71;;;;
desert;;1,91;;;;
desert;;1,72;;;;
desert;;2,06;;;;
desert;;1,54;;;;
desert;;1,96;;;;
desert;;1,84;;;;
desert;;1,7;;;;
desert;;1,88;;;;
desert;;1,63;;;;
desert;;1,82;;;;
desert;;1,88;;;;
desert;;2,07;;;;
desert;;1,77;;;;
desert;;1,69;;;;
desert;;1,66;;;;
desert;;2,07;;;;
desert;;1,61;;;;
desert;;1,97;;;;
desert;;1,98;;;;
desert;;1,81;;;;
desert;;1,79;;;;
desert;;1,74;;;;
desert;;2,1;;;;
desert;;2,04;;;;
desert;;1,56;;;;
desert;;1,7;;;;
desert;;1,72;;;;
desert;;1,85;;;;
desert;;1,94;;;;
desert;;1,88;;;;
desert;;1,89;;;;
desert;;1,91;;;;
desert;;2,11;;;;
desert;;2,01;;;;
desert;;2,05;;;;
desert;;1,6;;;;
desert;;2,02;;;;
desert;;1,66;;;;
desert;;1,79;;;;
desert;;1,88;;;;
desert;;1,87;;;;
desert;;1,78;;;;
desert;;1,91;;;;
desert;;1,72;;;;
desert;;1,64;;;;
desert;;1,55;;;;
desert;;2,26;;;;
desert;;1,78;;;;
desert;;1,82;;;;
desert;;1,8;;;;
desert;;2,21;;;;
desert;;1,59;;;;
desert;;1,91;;;;
desert;;1,91;;;;
desert;;1,47;;;;
desert;;1,82;;;;
desert;;1,81;;;;
desert;;1,77;;;;
desert;;1,84;;;;
desert;;2,22;;;;
desert;;1,84;;;;
desert;;1,65;;;;
desert;;2,01;;;;
desert;;1,86;;;;
desert;;2,03;;;;
desert;;2,07;;;;
desert;;1,98;;;;
desert;;1,64;;;;
desert;;1,94;;;;
desert;;1,95;;;;
desert;;1,61;;;;
desert;;1,74;;;;
desert;;1,71;;;;
desert;;1,7;;;;
desert;;1,78;;;;
desert;;1,64;;;;
desert;;1,82;;;;
desert;;1,68;;;;
desert;;1,9;;;;
desert;;1,89;;;;
desert;;2,11;;;;
desert;;1,74;;;;
desert;;2,01;;;;
desert;;1,9;;;;
boreal;;1,16;0,6;;;
boreal;;1,39;0,637;;;
boreal;;1,7;0,604;;;
boreal;;1,61;0,606;;;
boreal;;1,95;0,471;;;
boreal;;1,49;0,597;;;
boreal;;1,24;0,647;;;
boreal;;1,36;0,693;;;
boreal;;1,26;0,294;;;
boreal;;1,47;0,691;;;
boreal;;1,69;0,52;;;
boreal;;1,91;0,433;;;
boreal;;1,48;0,34;;;
boreal;;1,93;0,233;;;
boreal;;1,25;0,732;;;
boreal;;1,52;0,611;;;
boreal;;1,51;0,648;;;
boreal;;1,6;0,164;;;
boreal;;1,88;0,279;;;
boreal;;1,3;0,675;;;
boreal;;1,38;0,344;;;
boreal;;1,53;0,367;;;
boreal;;1,99;0,324;;;
boreal;;1,27;0,613;;;
boreal;;1,58;0,288;;;
boreal;;2,08;0,162;;;
boreal;;1,67;0,45;;;
boreal;;1,63;0,381;;;
boreal;;1,4;0,338;;;
boreal;;2,05;0,449;;;
boreal;;1,62;0,713;;;
boreal;;1,85;0,326;;;
boreal;;1,75;0,313;;;
boreal;;2,3;0,181;;;
boreal;;1,81;0,396;;;
boreal;;1,59;0,332;;;
boreal;;1,3;0,653;;;
boreal;;1,5;0,474;;;
boreal;;1,69;0,25;;;
boreal;;1,59;0,568;;;
boreal;;1,55;0,559;;;
boreal;;2,04;0,316;;;
boreal;;1,51;0,408;;;
boreal;;1,34;0,719;;;
boreal;;1,56;0,521;;;
boreal;;1,58;0,262;;;
boreal;;1,84;0,267;;;
boreal;;1,83;0,376;;;
boreal;;1,38;0,321;;;
boreal;;1,83;0,225;;;
boreal;;1,35;0,56;;;
boreal;;1,84;0,449;;;
boreal;;1,71;0,373;;;
boreal;;1,53;0,365;;;
boreal;;1,45;0,632;;;
boreal;;1,64;0,4;;;
boreal;;1,63;0,62;;;
boreal;;1,73;0,272;;;
boreal;;1,67;0,279;;;
boreal;;1,41;0,302;;;
boreal;;1,71;0,262;;;
boreal;;1,51;0,348;;;
boreal;;1,48;0,276;;;
boreal;;1,83;0,312;;;
boreal;;1,41;0,469;;;
boreal;;1,53;0,147;;;
boreal;;1,26;0,376;;;
boreal;;1,52;0,334;;;
boreal;;1,47;0,443;;;
boreal;;1,51;0,248;;;
boreal;;1,8;0,242;;;
boreal;;1,89;0,283;;;
boreal;;1,52;0,615;;;
boreal;;1,23;0,272;;;
boreal;;2,05;0,235;;;
boreal;;1,92;0,238;;;
boreal;;1,52;0,615;;;
boreal;;1,37;0,582;;;
boreal;;1,41;0,396;;;
boreal;;1,42;0,453;;;
boreal;;1,59;0,575;;;
boreal;;1,34;0,581;;;
boreal;;1,55;0,42;;;
boreal;;1,48;0,053;;;
boreal;;1,78;0,494;;;
boreal;;1,76;0,31;;;
boreal;;1,93;0,173;;;
boreal;;1,69;0,182;;;
boreal;;1,53;0,201;;;
boreal;;1,69;0,161;;;
boreal;;1,36;0,344;;;
boreal;;1,74;0,446;;;
boreal;;2,1;0,498;;;
temp_for;1,98;2,41;0,013;;1,06;0,54
temp_for;0,3;1,92;0,398;;2,08;1,32
temp_for;1,26;2,11;0,09;;1,5;0,72
temp_for;0,3;1,92;0,591;;2,13;1,45
temp_for;1,95;2,49;0,013;;1,06;0,51
temp_for;1,56;2,56;0,049;;1,41;0,6
temp_for;0,4;1,9;0,462;;2,04;1,18
temp_for;0,48;1,91;0,42;;2,09;1,25
temp_for;0,48;1,91;0,427;;2,18;1,39
temp_for;0,54;1,77;0,369;;2,02;1,03
temp_for;0,72;1,8;0,264;;2,1;1,11
temp_for;0,68;1,33;0,593;;2,58;1,65
temp_for;1,26;1,9;-0,051;;1,89;0,99
temp_for;0,61;1,6;0,418;;2,41;1,55
temp_for;1,56;2,02;0,061;;1,64;0,95
temp_for;0,72;1,78;0,35;;2,23;1,15
temp_for;1,52;2,31;0,064;;1,75;0,72
temp_for;1,32;2,04;0,13;;1,7;0,72
temp_for;0,48;1,49;0,618;;2,42;1,43
temp_for;0,76;1,93;0,238;;2,05;1,06
temp_for;1,68;2,31;-0,066;;1,53;0,58
temp_for;0,66;1,58;0,636;;2,39;1,51
temp_for;1,78;2,09;-0,004;;1,64;0,49
temp_for;0,56;1,53;;;2,16;1,27
wland;0,85;2,4;0,322;;1,9;1,09
wland;0,4;1,98;0,29;;2,3;1,24
wland;0,48;1,91;0,6;;2,24;1,37
wland;0,78;2,47;0,225;;1,77;1,16
wland;1,89;2,89;0,068;;1,06;0,68
wland;1,08;2,4;0,288;;1,93;0,89
wland;1,82;2,61;0,025;;1,1;
wland;0,48;2,08;0,22;;2,08;1,16
wland;0,85;2,29;0,396;;1,96;0,94
wland;0,9;2,18;0,188;;;1,19
temp_for;1,29;2,38;-0,036;;1,43;0,76
temp_for;1,26;2,05;0,215;;1,79;0,83
temp_for;1,51;2,41;-0,086;;1,22;0,56
temp_for;1,43;2,44;-0,086;;1,2;0,7
temp_for;0,71;1,91;0,294;;2,01;1,19
temp_for;0,88;2,01;0,061;;1,82;0,8
temp_for;1,04;2,2;0,188;;1,91;0,76
temp_for;0,81;2,11;0,076;;1,81;1,01
temp_for;1,04;2,1;0,083;;1,72;0,81
temp_for;0,88;2,01;0,09;;1,78;1,1
trop_rf;1,52;2,08;0,029;;1,72;
trop_rf;0,92;2,11;0,228;;2,05;0,9
trop_rf;1,59;2,17;-0,032;;1,59;
trop_rf;0,43;1,84;0,393;;2,4;1,26
trop_rf;0,71;1,9;0,217;;2,06;
trop_rf;1,64;2,02;0,097;;1,55;
trop_rf;1,63;;0,182;;1,74;
trop_rf;1,06;1,89;0,179;;2;
trop_rf;1,7;2,14;0,33;;1,68;
trop_rf;1,6;2,17;0,114;;1,73;0,72
trop_rf;0,18;1,56;0,6;;2,67;1,52
trop_rf;1,08;2,04;0,201;;1,96;0,72
trop_rf;1,7;2,23;0,033;;1,64;
trop_rf;1,7;2,26;-0,097;;;
trop_rf;1,08;1,99;0,265;;1,81;
trop_rf;1,59;2,11;0,176;;1,65;0,7
trop_rf;1,52;2,06;-0,066;;1,54;0,78
trop_rf;1,54;2,09;0,248;;1,83;0,76
trop_rf;1,71;2,24;0,013;;1,52;
trop_rf;1,22;2,08;-0,167;;1,67;
trop_rf;1,38;2,12;-0,108;;1,67;
trop_rf;0,3;1,54;0,593;;2,58;1,53
trop_rf;0,84;1,98;0,215;;2,15;0,97
trop_rf;0,65;1,94;0,253;;2,2;1,04
temp_for;0,74;1,78;0,322;;2,03;1,09
temp_for;0,74;1,9;0,267;;2;0,85
temp_for;1,11;2,12;0,143;;1,85;
temp_for;;1,42;0,803;;;
temp_for;0,54;1,97;0,555;;2,2;1,56
temp_for;0,72;1,93;0,358;;2,07;
temp_for;0,78;2,03;0,179;;1,83;
temp_for;0,75;1,95;0,297;;1,96;
temp_for;;1,37;0,765;;2,4;
temp_for;0,74;1,92;0,378;;2,07;
temp_for;1,11;1,94;0,076;;1,85;
temp_for;0,75;1,97;0,146;;1,93;
temp_for;0,78;1,91;0,161;;1,98;
temp_for;0,04;1,53;0,724;;2,64;
temp_for;0,6;1,89;0,176;;2,09;1,24
temp_for;0,28;1,65;0,623;;2,42;1,72
temp_for;0,76;1,86;0,297;;2,08;
temp_for;0,78;1,96;0,19;;1,86;
temp_for;0,7;1,52;0,471;;2,24;
temp_for;;2,52;0,215;;1,52;
temp_for;0,78;1,86;0,322;;2,01;
temp_for;0,78;2,08;0,155;;1,72;
temp_for;0,83;1,92;0,279;;2,07;
temp_for;1,78;2,46;0,093;;1,36;0,6
temp_for;1,78;2,47;0,083;;1,57;
temp_for;1,43;2,39;0,093;;1,49;0,78
temp_for;1,56;2,47;0,068;;1,38;
temp_for;1,32;2,13;0,23;;1,65;0,67
temp_for;1,43;2,47;0,143;;1,54;0,79
temp_for;0,48;1,51;0,65;;2,39;
temp_for;0,7;1,96;0,373;;2,21;1,15
temp_for;0,7;1,92;0,344;;2,15;1,35
temp_for;0,74;2;0,316;;2,1;
temp_for;0,78;2,02;0,322;;2,1;1,12
temp_for;0,78;1,94;0,371;;2,17;
temp_for;0,83;1,94;0,362;;2,13;
temp_for;0,6;1,49;0,729;;2,41;1,81
temp_for;1,48;2,11;0,057;;1,36;
temp_for;0,6;1,93;0,22;;2,06;1,28
temp_for;0,48;1,88;0,158;;2,24;1,25
temp_for;1,68;2,35;-0,119;;1,51;
temp_for;0,57;1,45;0,713;;2,32;
temp_for;0,76;2,08;0,286;;2,06;
temp_for;;1,57;0,398;-0,77;;
temp_for;;1,48;0,279;-0,569;;
temp_for;;1,89;0,301;-0,721;;
temp_for;;1,67;0,342;-0,553;;
temp_for;;1,82;0,491;-0,409;;
temp_for;;1,78;0,477;-0,658;;
temp_for;;1,66;0,342;-0,77;;
temp_for;;1,86;0,342;-0,678;;
temp_for;;1,73;0,301;-0,745;;
temp_for;;1,57;0,342;-0,602;;
temp_for;;1,6;0,23;-0,959;;
temp_for;;1,73;0,322;-0,77;;
temp_for;;1,68;0,342;-0,678;;
temp_for;;1,74;0,255;-0,699;;
temp_for;;1,98;0,322;-0,721;;
temp_for;;1,64;0,415;-0,495;;
temp_for;;1,72;0,342;-0,638;;
temp_for;;1,79;0,415;-0,409;;
temp_for;;1,82;0,322;-0,456;;
temp_for;;1,86;0,322;-0,921;;
temp_for;;1,94;0,255;-0,678;;
temp_for;;1,78;0,431;-0,854;;
temp_for;;1,7;0,38;-0,699;;
temp_for;;1,92;0,447;-0,921;;
temp_for;;1,9;0,398;-0,854;;
temp_for;;1,85;0,301;-0,538;;
temp_for;;1,85;0,38;-0,638;;
temp_for;;1,8;0,398;-0,62;;
temp_for;;1,9;0,415;-0,62;;
temp_for;;1,75;0,398;-0,886;;
temp_for;;1,74;0,477;-0,432;;
temp_for;;1,79;0,38;-0,638;;
temp_for;;1,78;0,398;-0,745;;
temp_for;;1,81;0,362;-0,469;;
wland;;2,27;0,378;;;
wland;;2,12;0,244;;;
wland;;1,96;0,373;;;
wland;;2,27;0,084;;;
wland;;2,26;0,046;;;
wland;;2,11;0,089;;;
wland;;2,12;0,204;;;
wland;;2,35;-0,042;;;
wland;;2,37;0,053;;;
wland;;2,05;0,309;;;
wland;;2,11;0,171;;;
wland;;2,3;0,334;;;
wland;;2,21;0,064;;;
wland;;2,36;-0,045;;;
wland;;2,15;0,07;;;
wland;;2,33;0,039;;;
wland;;2,32;0,03;;;
wland;;2,41;-0,035;;;
wland;;2,99;-0,253;;;
wland;;2,16;0,186;;;
wland;;2,31;-0,162;;;
wland;;2,2;0,258;;;
wland;;2,45;0,29;;;
wland;;2,35;0,109;;;
wland;;2,47;-0,086;;;
wland;;2,38;0,027;;;
wland;;2,35;0,122;;;
wland;;2,42;0,04;;;
wland;;2,41;-0,046;;;
wland;;2,6;-0,247;;;
wland;;2,14;0,12;;;
wland;;2,78;0,01;;;
wland;;2,07;0,149;;;
wland;;2,17;0,323;;;
wland;;2,01;0,362;;;
wland;;2,3;0,04;;;
wland;;2,2;0,104;;;
wland;;2,34;0,04;;;
wland;;2,3;0,243;;;
wland;;2,32;-0,138;;;
wland;;2,46;-0,045;;;
wland;;2,45;0,014;;;
wland;;2,52;-0,112;;;
wland;;3,17;-0,272;;;
wland;;2;0,391;;;
wland;;2,36;0,029;;;
wland;;2,28;-0,019;;;
wland;;2,68;0,176;;;
temp_for;;1,69;;;;
temp_for;;1,74;;;;
temp_for;;1,34;;;;
temp_for;;1,46;;;;
temp_for;;1,83;;;;
temp_for;;1,77;;;;
temp_for;;1,76;;;;
temp_for;;1,66;;;;
temp_for;;1,59;;;;
temp_for;;1,43;;;;
temp_for;;1,47;;;;
temp_for;;1,64;;;;
temp_for;;1,33;;;;
temp_for;;1,61;;;;
temp_for;;1,27;;;;
temp_for;;1,39;;;;
temp_for;;1,79;;;;
temp_for;;1,46;;;;
temp_for;;1,72;;;;
temp_for;;1,71;;;;
temp_for;;1,31;;;;
temp_for;;1,24;;;;
temp_for;;1,76;;;;
temp_for;;1,72;;;;
temp_for;;1,68;;;;
temp_for;;1,5;;;;
temp_for;;1,42;;;;
temp_for;;1,7;;;;
temp_for;;1,84;;;;
temp_for;;1,67;;;;
temp_for;;1,69;;;;
temp_for;;1,75;;;;
temp_for;;1,72;;;;
temp_for;;1,58;;;;
temp_for;0,78;1,85;0,324;-1,032;1,93;
temp_for;0,78;1,96;0,403;-0,996;2,04;
temp_for;1,26;2,37;0,057;-1,201;1,84;
temp_for;0,78;1,99;0,241;-0,857;2,1;
temp_for;0,78;1,77;0,253;-1,022;2,09;
temp_for;0,78;1,93;0,258;-0,979;1,88;
temp_for;1,26;2,07;0,134;-1,097;2,2;
temp_for;0,78;1,88;0,344;-1,114;2,22;
temp_for;0,78;1,83;0,22;-1,081;2,09;
temp_for;0,78;1,72;0,403;-1,013;2,17;
temp_for;1,26;2,08;0,086;-1,143;1,86;
temp_for;1,26;2,15;0,114;-1,155;2,2;
temp_for;0,78;;0,107;-1,097;1,82;
temp_for;1,26;2,05;0,149;-1,066;2,02;
temp_for;0,78;1,8;0,21;-1;2,03;
temp_for;1,48;;0,149;-0,987;1,68;
temp_for;1,48;;0,009;-1,066;1,44;
temp_for;1,26;;0,086;-1,009;1,55;
temp_for;0,78;1,96;0,288;-1,051;1,94;
temp_for;0,78;1,84;0,305;-0,91;2,18;
temp_for;0,78;1,98;0,425;-0,623;2;
temp_for;1,48;1,95;0,037;-1,071;1,47;
temp_for;0,78;1,91;0,318;-0,951;2,17;
temp_for;0,78;1,88;0,27;-0,726;2,21;
temp_for;1,26;;0,107;-0,893;1,51;
temp_for;0,78;1,86;0,288;-0,845;1,89;
temp_for;0,78;1,95;0,188;-1,155;2,09;
temp_for;0,78;1,94;0,318;-0,975;1,92;
trop_rf;0,93;1,94;0,458;;2,06;
trop_rf;1,08;2,05;0,499;;1,79;
trop_rf;1,08;2,16;0,346;;1,7;
trop_rf;0,78;1,57;0,498;;2,27;
trop_rf;0,85;1,62;0,611;;2,36;
trop_rf;0,78;1,76;0,434;;2,01;
trop_rf;1,04;2,11;0,311;;1,77;
trop_rf;1,08;2,17;0,418;;1,73;
trop_rf;0,93;1,82;0,413;;2,13;
trop_rf;0,98;1,81;0,544;;2,15;
trop_for;;2,27;0,158;-1,119;;
trop_for;;2,33;0,015;-1,174;;
trop_for;;2,33;0,037;-1,276;;
trop_for;;2,22;0,148;-1,244;;
trop_for;;2,32;-0,275;-1,509;;
trop_for;;2,3;-0,161;-1,367;;
trop_for;;2,36;-0,107;-1,569;;
trop_for;;2,57;-0,358;-1,658;;
trop_for;;2,26;-0,1;-1,237;;
trop_for;;2,55;-0,388;-1,538;;
trop_for;;2,21;-0,093;-1,444;;
trop_for;;2,57;-0,223;-1,469;;
wland;;2,59;0,025;-1,337;;
wland;;2,35;-0,201;-1,921;;
wland;;2,42;-0,174;-1,796;;
wland;;2,68;0,017;-1,347;;
wland;;2,28;0,033;-1,328;;
wland;;2,68;0,021;-1,347;;
wland;;2,68;-0,26;-2,097;;
wland;;2,64;-0,244;-1,721;;
wland;;2,64;-0,131;-1,553;;
wland;;2,25;0,155;-1,18;;
wland;;2,74;-0,328;-1,854;;
wland;;2,54;-0,027;-1,409;;
wland;;2,52;-0,004;-1,284;;
wland;;2,66;-0,108;-1,538;;
wland;;2,49;-0,268;-1,745;;
wland;;2,59;-0,347;-1,886;;
wland;;2,66;0,097;-1,252;;
temp_for;;2,17;-0,071;-1,469;;
temp_for;;2,4;-0,086;-1,481;;
temp_for;;2,36;-0,027;-1,337;;
temp_for;;2,66;-0,26;-1,745;;
temp_for;;2,17;0,033;-1,328;;
trop_rf;;2,04;;;1,95;0,99
trop_rf;;1,93;;;2,17;1,02
trop_rf;;1,89;;;2,17;0,84
trop_rf;;1,83;;;2,15;0,87
trop_rf;;1,83;;;2,32;1,16
trop_rf;;1,69;;;2,31;1,25
alpine;;1,71;0,632;;2,37;
alpine;;1,91;0,414;;2,04;
alpine;;1,94;0,497;;1,89;
alpine;;1,68;0,582;;2,34;
alpine;;1,53;0,62;;2,44;
alpine;;1,77;0,556;;2,41;
alpine;;1,7;0,589;;2,44;
alpine;;1,75;0,478;;2,3;
alpine;;1,89;0,404;;2,19;
alpine;;1,57;0,683;;2,41;
alpine;;1,78;0,543;;2,21;
alpine;;2,24;0,311;;1,52;
alpine;;1,93;0,477;;2,04;
alpine;;1,84;0,493;;2,42;
alpine;;1,8;0,387;;2,19;
wland;;;;;;
wland;;;;;;
wland;;;;;;
wland;;;;;;
wland;;;;;;
temp_for;;1,89;0,408;;2,42;1,24
temp_for;;1,97;0,436;;2,26;
temp_for;0,24;1,79;0,391;;2,6;1,13
temp_for;;1,93;0,19;;2,57;1,51
temp_for;0,17;1,89;0,407;;2,55;1,42
temp_for;0,38;1,99;0,093;;2,48;1,13
temp_for;0,32;1,97;0,22;;2,22;1,11
temp_for;0,15;1,8;0,435;;2,45;1,45
temp_for;;1,92;0,328;;2,14;1,28
temp_for;;2,01;0,204;;2,12;1,24
temp_for;;2,11;0,25;;2,2;1,3
temp_for;;1,82;0,382;;2,36;
temp_for;;1,97;0,616;;2,44;1,32
temp_for;;2,02;0,049;;2,41;1,19
temp_for;;2,14;0,246;;2,36;1,1
temp_for;;2,18;0,068;;1,85;1,06
temp_for;;2,02;0,303;;2,17;1
temp_for;0,39;1,8;0,369;;2,28;1,2
temp_for;0,49;2,14;0,201;;2,27;1,26
temp_for;0,19;2,01;0,324;;2,17;1,19
temp_for;;2,11;0,212;;2,09;1,05
temp_for;-0,03;1,81;0,553;;2,51;1,32
temp_for;;1,82;0,25;;2,32;
temp_for;;1,99;0,207;;2,51;1,06
temp_for;;1,98;0,324;;2,38;1,2
temp_for;;2,12;0,386;;2,44;
temp_for;;2,05;0,422;;2,44;1,25
temp_for;0,48;2;0,22;;2,48;1,28
temp_for;;1,98;0,276;;2,23;1,12
temp_for;;1,97;0,373;;2,23;1,25
temp_for;0,19;1,85;0,33;;2,46;1,17
temp_for;0,38;1,82;0,017;;2,42;1,09
temp_for;;2,09;0,199;;2,15;1,16
temp_for;0,48;2,07;0,104;;2,11;1,11
temp_for;0,29;1,98;0,143;;2,49;1,1
temp_for;;2,15;0,258;;2,4;1,04
trop_rf;;2,18;;;;
trop_rf;;2,32;;;;
trop_rf;;2,06;;;;
trop_rf;;2,28;;;;
trop_rf;;2,39;;;;
trop_rf;;2,31;;;;
trop_rf;;2,28;;;;
trop_rf;;2,19;;;;
trop_rf;;2,21;;;;
trop_rf;;1,9;;;;
trop_rf;;2,01;;;;
trop_rf;;2,04;;;;
trop_rf;;1,88;;;;
trop_rf;;1,98;;;;
trop_rf;;1,87;;;;
trop_rf;;1,86;;;;
trop_rf;;2,13;;;;
trop_rf;;2,24;;;;
trop_rf;;2,02;;;;
trop_rf;;1,96;;;;
trop_rf;;1,99;;;;
trop_rf;;2,08;;;;
trop_rf;;2,14;;;;
trop_rf;;1,93;;;;
trop_rf;;1,72;;;;
trop_rf;;1,8;;;;
trop_rf;;1,97;;;;
trop_rf;;1,9;;;;
trop_rf;;2,14;;;;
trop_rf;;2,13;;;;
trop_rf;;1,9;;;;
trop_rf;;1,95;;;;
trop_rf;;1,77;;;;
trop_rf;;1,85;;;;
trop_rf;;1,86;;;;
trop_rf;;1,88;;;;
trop_rf;;2;;;;
wland;1,6;2,37;-0,103;;1,82;0,64
wland;1,03;2,41;-0,027;;1,55;1,08
wland;0,94;2,35;-0,009;;1,69;0,86
wland;1,47;2,45;-0,09;;2;0,8
wland;1,58;2,51;-0,096;;1,8;0,75
wland;1,21;2,3;0,276;;1,96;0,96
wland;1,44;2,38;0,011;;1,72;0,88
wland;1,43;2,33;-0,04;;1,7;0,92
wland;1,15;2,3;0,063;;1,78;0,96
wland;1,17;2,26;0,043;;1,87;0,77
wland;1,23;2,39;0,12;;1,89;0,87
wland;1,52;2,49;0,205;;1,82;0,92
wland;1,15;2,2;0,044;;1,65;1,04
wland;1,66;2,83;-0,146;;1,5;0,6
wland;2,02;2,46;0,238;;1,58;0,52
wland;1,39;2,52;-0,071;;1,71;0,91
wland;1,45;2,66;-0,119;;1,51;0,69
wland;1,46;2,58;-0,064;;1,66;0,7
wland;1,47;2,66;-0,148;;1,65;0,72
wland;1,62;2,74;-0,206;;1,61;0,79
wland;1,28;2,19;0,052;;1,93;0,98
wland;1,37;2,25;0,115;;1,9;1
wland;1,46;2,46;-0,033;;1,79;0,86
wland;1,26;2,52;0,05;;1,76;0,78
wland;1,38;2,87;-0,098;;1,39;0,49
wland;0,6;1,76;0,55;;2,55;
wland;0,6;1,7;0,173;;1,99;
wland;0,6;1,94;0,279;;2,28;
wland;0,6;1,57;0,363;;2,18;
wland;0,6;2,05;0,262;;1,98;
wland;;2,15;0,105;;;
wland;;2,16;0,093;;;
wland;;2,12;0,093;;;
wland;;2,11;0,14;;;
wland;;2,05;-0,032;;;
wland;;2,2;-0,058;;;
wland;;2,15;0,13;;;
wland;;2,11;0,099;;;
wland;;2,07;0,192;;;
wland;;1,98;0,317;;;
wland;;2,04;0,322;;;
wland;;2,07;0,185;;;
wland;;2,24;0,134;;;
wland;;2,11;0,241;;;
wland;;2,09;0,219;;;
wland;;1,78;0,5;;;
wland;;2,15;0,107;;;
wland;;2,14;0,013;;;
wland;;2;0,59;;;
wland;;2,14;0,054;;;
wland;;2,15;0,335;;;
wland;;2,33;0,109;;;
wland;;2,18;0,485;;;
wland;;2,22;0,177;;;
wland;;2,2;0,21;;;
wland;;1,91;0,564;;;
wland;;2,04;0,007;;;
wland;;2,19;0,306;;;
wland;;2,2;-0,075;;;
wland;;2,29;0,25;;;
wland;;1,84;0,095;;;
wland;;1,97;0,331;;;
temp_for;;1,99;0,353;;;
temp_for;;2,12;0,311;;;
temp_for;;2,07;0,198;;;
temp_for;;2,1;0,235;;;
temp_for;;1,86;0,306;;;
temp_for;;2,08;0,265;;;
temp_for;;2,29;-0,165;;;
temp_for;;1,97;0,127;;;
temp_for;;2,25;0,037;;;
temp_for;;2,16;0,084;;;
wland;;2,28;-0,116;;;
wland;;2,39;0,011;;;
wland;;2,44;0,122;;;
wland;;2,08;0,248;;;
wland;;2,44;-0,013;;;
wland;;2,05;0,468;;;
wland;;2,31;0,069;;;
wland;;2,16;-0,057;;;
wland;;2,11;0,078;;;
wland;;2,14;0;;;
wland;;1,96;0,383;;;
wland;;2,18;0,106;;;
wland;;1,74;0,35;;;
desert;;2,12;0,203;;;
desert;;2,37;0,189;;;
desert;;2,09;0,286;;;
desert;;2,06;0,387;;;
desert;;2,08;0,379;;;
desert;;2,29;0,235;;;
temp_for;;1,55;0,214;;;
temp_for;;1,54;0,245;;;
temp_for;;1,64;0,18;;;
temp_for;;2,13;0,049;;;
temp_for;;1,85;0,162;;;
temp_for;;1,55;0,205;;;
temp_for;;1,63;0,302;;;
temp_for;;1,84;0,381;;;
temp_for;;1,65;0,298;;;
temp_for;;1,93;0,279;;;
temp_for;;1,91;0,27;;;
temp_for;;1,92;0,313;;;
tundra;;1,88;0,698;;;
tundra;;2,03;0,002;;;
tundra;;2,04;0,243;;;
wland;;2,5;-0,155;;;
wland;;2,27;0,053;;;
wland;;2,46;0,23;;;
wland;;2,43;0,179;;;
wland;;2,38;0,114;;;
wland;;1,98;0,22;;;
wland;;2,47;-0,036;;;
wland;;2,22;0,134;;;
wland;;2,45;0,104;;;
wland;;2,18;-0,143;;;
wland;;;-0,06;;;
wland;;2,2;0,196;;;
wland;;2,3;0,193;;;
wland;;2,37;0,199;;;
wland;;;0,407;;;
wland;;;-0,161;;;
wland;;2,34;0,405;;;
wland;;2,22;0,155;;;
wland;;2,23;0,248;;;
wland;;2,33;0,079;;;
wland;;2,19;0,004;;;
wland;;2,15;-0,208;;;
wland;;2,3;0,117;;;
wland;;2,47;0,161;;;
wland;;2,31;0,124;;;
wland;;1,97;0,097;;;
wland;;2,21;0,127;;;
wland;;2,06;0,279;;;
wland;;1,85;0,362;;;
wland;;1,87;0,328;;;
wland;;2,19;0,305;;;
wland;;1,98;0,176;;;
wland;;2,26;0,143;;;
wland;;1,93;0,22;;;
wland;;1,93;0,248;;;
wland;;2,04;0,225;;;
wland;;2,17;0,158;;;
wland;;1,89;0,286;;;
wland;;2,15;0,279;;;
wland;;1,92;0,31;;;
wland;;2,07;0,276;;;
wland;;2,03;0,338;;;
wland;;1,8;0,386;;;
trop_rf;;;0,336;;;
trop_rf;;;0,401;;;
trop_rf;;;0,369;;;
trop_rf;;;0,301;;;
trop_rf;;;0,31;;;
trop_rf;;;0,22;;;
trop_rf;;;0,444;;;
trop_rf;;;0,554;;;
trop_rf;;;0,346;;;
trop_rf;;;0,14;;;
trop_rf;;;0,246;;;
trop_rf;;;0,121;;;
trop_rf;;;0,182;;;
trop_rf;;;0,217;;;
trop_rf;;;0,19;;;
trop_rf;;;0,241;;;
trop_rf;;;0,14;;;
trop_rf;;;0,228;;;
trop_rf;;;0,417;;;
trop_rf;;;0,207;;;
trop_rf;;;0,225;;;
trop_rf;;;0,382;;;
trop_rf;;;0,462;;;
trop_rf;;;0,398;;;
trop_rf;;;0,476;;;
trop_rf;;;0,464;;;
trop_rf;;;0,537;;;
trop_rf;;;0,487;;;
trop_rf;;;0,398;;;
trop_rf;;;0,455;;;
trop_rf;;;0,631;;;
trop_rf;;;0,352;;;
trop_rf;;;0,27;;;
trop_rf;;;0,456;;;
trop_rf;;;0,458;;;
trop_rf;1,37;1,56;0,445;;1,86;
trop_rf;1,44;1,56;0,377;;1,87;
trop_rf;0,62;1,45;0,574;;2,54;
trop_rf;1,13;1,48;0,452;;2,12;
trop_rf;1,23;1,5;0,436;;1,99;
trop_rf;0,41;1,36;0,371;;;
trop_rf;0,55;1,52;0,441;;1,94;
trop_for;0,89;1,64;0,362;;;
trop_for;1,05;1,99;0,146;;;
trop_for;0,86;1,68;0;;;
trop_for;0,98;1,84;0,255;;;
trop_for;1,36;1,9;0,204;;;
trop_for;0,85;1,67;0,322;;;
trop_for;1,56;1,99;0,322;;;
trop_for;1,28;2,04;0,279;;;
trop_for;1,17;1,89;0,19;;;
temp_for;1,13;2,1;0,363;-1,244;2,03;1,03
temp_for;;2,26;0,121;-1,337;1,8;0,89
temp_for;0,79;1,92;0,201;-1,149;2,18;0,95
temp_for;1,07;1,85;0,099;-1,328;1,85;0,66
temp_for;0,91;1,98;0,279;-1,102;2,32;1
temp_for;1,12;2,08;0,035;-1,319;1,88;0,79
temp_for;1,39;2,31;-0,04;-1,409;1,61;0,8
temp_for;1,42;1,98;0,233;-1,509;;
temp_for;1,38;2,08;0,064;-1,523;1,88;0,63
temp_for;0,87;1,96;0,116;-1,347;2,05;1,15
temp_for;1,44;2,15;-0,208;-1,495;1,67;0,91
temp_for;;2,43;0,129;-1,276;1,41;0,6
temp_for;1,61;2,16;-0,116;-1,301;1,67;0,58
temp_for;1,06;1,99;0,108;-1,387;1,97;0,75
temp_for;0,97;1,97;0,29;-1,444;1,98;0,89
temp_for;1,22;1,96;0,309;-1,347;2,07;1,15
temp_for;1,07;1,96;0,201;-1,076;1,87;0,96
temp_for;1,36;2,17;-0,007;-1,398;1,76;0,79
temp_for;1,61;2,18;-0,061;-1,432;1,8;0,59
wland;1,47;2,34;0,281;-1,658;1,67;0,84
wland;1,56;2,23;-0,071;-1,638;2,01;0,68
wland;1,29;2,2;0,076;-1,658;1,74;0,79
wland;1,16;2,27;-0,09;-1,523;1,77;0,75
wland;1,08;2,17;0,079;-1,444;1,76;0,84
wland;1,27;2,3;0,019;-1,469;1,73;0,78
wland;1,45;2,11;0,089;-1,745;1,63;0,95
wland;1,18;2,04;-0,15;-1,638;1,77;1,03
wland;1,27;2,19;-0,066;-1,62;1,7;0,87
wland;1,62;2,41;-0,272;-1,745;1,65;0,59
wland;1,32;2,53;-0,287;-1,678;1,54;0,61
wland;1,04;2,04;0,017;-1,569;1,73;0,87
wland;1,47;2,35;-0,219;-1,638;1,57;0,56
wland;1,35;2,11;-0,069;-1,602;1,57;1
wland;1,66;2,26;-0,229;-1,62;1,66;0,4
wland;1,35;2,08;0,093;-1,745;1,71;1,03
wland;1,1;1,76;0,172;-1,276;2,03;1,22
wland;1,3;2,34;0,302;-1,081;1,83;0,83
wland;1,32;2,42;0,264;-1,174;1,61;0,65
wland;0,8;1,92;0,462;-0,879;2,36;1,59
wland;1,12;2,12;0,253;-1,018;1,88;0,73
wland;1,49;2,37;0,08;-1,06;1,43;0,62
wland;0,9;2,23;0,269;-0,947;1,88;1,3
wland;0,99;2,05;0,296;-1,013;1,98;1,26
wland;1,01;2,12;0,297;-0,939;2,01;1,19
wland;1,24;2,21;0,227;-0,87;1,96;1
wland;1,18;2,43;0,166;-1;;
wland;1,15;2,25;0,27;-1,027;1,73;1,04
wland;1,2;2,26;0,168;-0,987;1,9;0,74
wland;1,53;2,72;0,028;-0,959;0,94;
wland;1,47;2,27;0,23;-0,979;1,74;0,76
wland;1,61;2,7;-0,136;-1,523;1,35;0,38
wland;;1,58;0,433;-0,548;2,42;1,55
wland;1,24;2,45;0,105;-1,036;1,72;1,03
wland;1,14;2,07;0,39;-0,87;1,69;1,22
wland;1,28;2,44;0,17;-1,161;1,59;1,13
wland;0,88;1,91;0,489;-0,712;2,12;1,42
wland;1,29;2,54;0,298;-1,102;1,51;1,15
wland;1,32;2,45;0,239;-1,071;1,7;1,09
wland;0,81;1,88;0,514;-0,886;2,16;1,42
wland;0,98;1,97;0,472;-0,921;2,09;1,52
wland;1,57;2,56;0,252;-1,319;1,41;0,76
wland;1,32;2,62;0,163;-1,337;1,49;0,95
wland;1,08;2,21;0,277;-1,137;1,72;1,06
wland;1,21;2,23;0,282;-1,071;1,61;1,01
wland;1,17;2,2;0,236;-1,125;1,56;0,97
wland;1,75;2,5;0,085;-1,42;1,46;0,83
wland;1,12;2,1;0,189;-1,081;1,7;0,67
wland;;;0,034;-1,244;;
wland;1;2,11;0,267;-0,983;1,7;1,11
wland;1,46;2,34;0,203;-1,051;1,67;0,81
wland;1,2;2,19;0,263;-0,991;1,84;1,06
wland;1,47;2,48;-0,042;-1,31;1,58;0,57
wland;1,46;2,45;0,086;-1,215;1,71;0,68
wland;1,07;1,95;0,276;-1,108;1,95;1,17
wland;;2,16;0,093;-1,071;1,56;1,02
wland;1,2;2,58;0,061;-1,108;1,56;0,96
wland;;2,32;0,179;-1,149;1,38;0,83
wland;1,05;2,19;0,235;-1,071;1,89;1,09
wland;0,96;2,01;0,367;-0,959;1,82;1,14
wland;1,43;2,25;0,138;-1,201;1,59;0,99
wland;1,24;2,49;-0,001;-1,194;1,31;0,59
wland;;2,59;-0,056;-1,268;1,54;0,91
trop_rf;;2,02;;;;
trop_rf;;1,79;;;;
trop_rf;;1,92;;;;
trop_rf;;1,86;;;;
trop_rf;;2,21;;;;
trop_rf;;2,05;;;;
trop_rf;;1,79;;;;
trop_rf;;2,31;;;;
trop_rf;;2,42;;;;
temp_for;1,99;2,27;0,236;-0,848;1,46;
temp_for;0,78;1,67;0,21;-0,69;1,92;
temp_for;0,78;1,79;0,342;-0,552;1,89;
temp_for;0,68;1,82;0,279;-0,603;2,09;
temp_for;0,78;1,66;0,272;-0,57;2,07;
temp_for;0,78;1,65;0,338;-0,711;2,17;
temp_for;0,78;2;0,258;-0,518;1,62;
temp_for;2,01;2,37;0,076;-0,763;1,47;
temp_for;1,66;2,51;0,072;-0,909;1,71;
temp_for;1,46;2,45;0,121;-0,872;1,59;
temp_for;1,81;2,14;0,033;-0,784;1,48;
temp_for;0,78;1,84;0,27;-0,563;1,93;
temp_for;0,78;1,84;0,303;-0,656;2,07;
temp_for;0,68;1,66;0,272;-0,57;1,92;
boreal;0,17;1,6;0,672;;;
boreal;0,33;1,7;0,538;;;
boreal;0,33;1,79;0,415;;;
boreal;;1,68;0,407;;;
boreal;;1,82;0,342;;;
boreal;;1,78;0,332;;;
boreal;;1,81;0,255;;;
boreal;;1,66;0,362;;;
boreal;;1,74;0,332;;;
trop_rf;;2,01;;;1,92;
trop_rf;;2,1;;;2;
trop_rf;;2,14;;;2,02;
trop_rf;;1,99;;;2,15;
trop_rf;;1,89;;;2,13;
trop_rf;;2,11;;;2,01;
wland;;;;;;
wland;;;;;;
wland;;;;;;
wland;;;;;;
wland;;;;;;
wland;;;;;;
wland;;;;;;
wland;;;;;;
wland;;;;;;
wland;;;;;;
wland;;;;;;
wland;;;;;;
wland;;;;;;
wland;;;;;;
wland;;;;;;
wland;;;;;;
wland;;;;;;
wland;;2,36;-0,35;-1,482;;
wland;;2,29;-0,234;-1,325;;
wland;;2,46;0,014;-1,476;;
wland;;2,55;0,019;-1,602;;
wland;;2,53;-0,327;-1,416;;
wland;;2,35;-0,139;-1,569;;
wland;;2,48;-0,065;-1,412;;
wland;;2,41;-0,168;-1,203;;
wland;;2,47;-0,155;-1,474;;
wland;;2,3;-0,142;-1,328;;
wland;;2,54;-0,354;-1,679;;
wland;;2,4;-0,274;-1,527;;
wland;;2,57;-0,264;-1,784;;
wland;;2,56;-0,392;-1,435;;
wland;;2,64;-0,232;-1,224;;
wland;;2,46;-0,267;-1,506;;
wland;;2,72;-0,183;-1,285;;
wland;;2,65;-0,249;-1,672;;
wland;;2,26;-0,284;-1,478;;
wland;;2,34;-0,194;-1,549;;
wland;;2,46;-0,077;-1,434;;
wland;;2,41;-0,128;-1,299;;
wland;;2,1;0,024;-1,437;;
wland;;2,34;-0,31;-1,658;;
wland;;2,37;-0,361;-1,507;;
wland;;2,37;-0,186;-1,51;;
wland;;2,38;-0,291;-1,518;;
wland;;2,21;-0,16;-1,583;;
wland;;2,67;-0,476;-1,673;;
wland;;2,29;-0,144;-1,574;;
wland;;2,41;-0,154;-0,999;;
wland;;2,49;-0,066;-1,079;;
wland;;2,41;0,165;-1,274;;
wland;;2,34;-0,233;-1,666;;
wland;;2,32;-0,145;-1,349;;
wland;;2,42;-0,134;-1,539;;
wland;;2,43;-0,032;-1,539;;
wland;;2,28;-0,057;-1,37;;
wland;;2,37;-0,175;-1,433;;
wland;;2,46;0,175;-1,328;;
wland;;2,42;-0,133;-1,294;;
wland;;2,5;-0,123;-1,355;;
wland;;2,27;-0,05;-1,501;;
wland;;2,38;-0,106;-1,396;;
wland;;2,34;-0,14;-1,318;;
wland;;2,3;-0,319;-1,539;;
wland;;2,48;-0,09;-1,444;;
wland;;2,38;-0,052;-1,393;;
wland;;2,34;-0,11;-1,66;;
wland;;1,94;-0,188;-1,65;;
wland;;2,41;-0,198;-1,77;;
wland;;2,36;-0,295;-1,842;;
wland;;2,49;-0,18;-1,831;;
wland;;2,44;-0,231;-1,957;;
wland;;2,41;-0,085;-1,802;;
wland;;2,37;-0,084;-1,179;;
wland;;2,15;-0,102;-1,114;;
wland;;2,4;-0,142;-1,395;;
wland;;2,45;-0,232;-1,246;;
wland;;2,46;-0,006;-1,163;;
wland;;2,27;-0,085;-1,576;;
wland;;2,18;-0,207;-1,592;;
wland;;2,45;-0,194;-1,813;;
wland;;2,53;-0,07;-1,685;;
wland;;2,52;-0,257;-1,627;;
wland;;2,32;-0,445;-1,886;;
wland;;2,51;-0,212;-1,444;;
wland;;2,58;-0,381;-1,796;;
wland;;2,38;-0,334;-1,229;;
wland;;2,59;-0,188;-1,721;;
wland;;2,5;-0,361;-1,602;;
wland;;2,21;-0,26;-1,553;;
wland;;2,46;-0,143;-1,569;;
wland;;2,34;-0,268;-1,569;;
wland;;2,26;-0,213;-1,62;;
wland;;2,55;;;;
wland;;2,3;-0,11;-1,523;;
wland;;2,4;-0,188;-1,387;;
wland;;2,69;-0,268;-1,824;;
wland;;2,36;-0,226;-1,745;;
wland;;2,25;-0,476;-1,602;;
wland;;2,6;-0,365;-1,886;;
wland;;2,74;-0,305;-1,921;;
wland;;2,62;-0,188;-1,721;;
wland;;2,57;-0,553;-2;;
wland;;2,36;-0,268;-1,796;;
wland;;2,42;-0,423;-2;;
wland;;2,52;-0,268;-1,824;;
wland;;2,54;-0,11;-1,678;;
wland;;2,91;-0,462;-2;;
wland;;2,5;-0,305;-1,721;;
wland;;2,7;;;;
wland;;2,68;-0,376;-1,638;;
wland;;2,85;-0,355;-1,509;;
wland;;2,73;-0,251;-1,553;;
wland;;2,8;-0,211;-1,678;;
wland;;2,61;-0,344;-1,921;;
wland;;2,73;-0,196;-1,495;;
wland;;2,73;-0,305;-1,523;;
wland;;2,76;-0,52;-1,553;;
wland;;2,67;-0,333;-1,523;;
wland;;2,57;-0,313;-1,678;;
wland;;2,36;-0,128;-1,638;;
wland;;2,72;-0,449;-1,658;;
wland;;2,68;-0,323;-2;;
wland;;2,65;-0,075;-1,62;;
wland;;2,78;-0,449;-1,721;;
wland;;2,8;-0,196;-1,62;;
wland;;2,53;-0,387;-1,638;;
wland;;2,61;-0,058;-1,456;;
wland;;2,8;-0,286;-1,553;;
wland;;2,66;-0,365;-1,678;;
wland;;2,71;-0,017;-1,745;;
wland;;2,64;-0,399;-1,553;;
wland;;2,8;-0,215;-1,678;;
wland;;2,9;-0,42;-1,824;;
wland;;2,93;-0,553;-1,824;;
wland;;2,9;-0,504;-1,658;;
wland;;2,6;-0,134;-1,444;;
wland;;2,58;-0,606;-1,602;;
wland;;2,56;-0,349;-1,538;;
wland;;2,85;-0,295;-1,658;;
wland;;2,56;-0,069;-1,602;;
wland;;2,52;-0,489;-1,62;;
wland;;2,62;-0,355;-1,678;;
wland;;2,28;-0,196;-1,409;;
wland;;2,23;-0,411;-1,699;;
wland;;2,38;-0,33;-2,046;;
wland;;2,45;-0,182;-1,432;;
wland;;2,96;-0,344;-1,387;;
wland;;2,35;-0,268;-1,569;;
wland;;2,82;-0,355;-1,62;;
wland;;2,37;-0,319;-1,638;;
wland;;2,4;-0,219;-1,638;;
wland;;2,78;-0,411;-1,824;;
wland;;2,83;-0,394;-1,886;;
wland;;2,86;-0,434;-1,745;;
wland;;2,51;-0,182;-1,699;;
wland;;2,56;-0,318;-1,77;;
wland;;2,55;-0,475;-1,796;;
wland;;2,86;-0,426;-1,796;;
wland;;2,55;-0,167;-1,602;;
wland;;2,44;-0,358;-1,244;;
wland;;2,77;;;;
wland;;2,63;-0,471;-1,886;;
wland;;2,39;-0,445;-1,886;;
wland;;2,19;;;;
wland;;2,52;-0,301;-1,745;;
wland;;2,55;-0,226;-1,678;;
wland;;2,5;-0,292;-1,585;;
wland;;2,62;-0,358;-1,244;;
wland;;2,79;-0,489;-2;;
wland;;2,69;-0,251;-1,495;;
wland;;2,51;;;;
wland;;2,68;-0,365;-1,678;;
wland;;2,67;-0,476;-1,854;;
wland;;2,78;-0,553;-1,824;;
wland;;2,94;-0,476;-1,854;;
wland;;2,71;-0,355;-1,921;;
wland;;2,96;-0,219;-1,62;;
wland;;3,18;-0,277;-1,658;;
wland;;2,77;-0,365;-1,77;;
tundra;0,56;1,84;0,301;;;
tundra;0,56;1,66;0,504;;;
tundra;;2,19;;;1,78;
tundra;0,56;2,11;0,301;;;
tundra;;1,99;;;2,08;
tundra;0,56;1,8;0,377;;2,21;
tundra;0,56;1,89;0,319;-0,648;2,21;
tundra;0,56;1,74;0,415;;;
tundra;;1,97;;;2,34;
tundra;0,56;2,23;0,362;;1,76;
tundra;0,56;;;;;
tundra;0,56;1,98;0,301;;2,11;
tundra;0,56;2,04;0,237;-0,854;2,22;
tundra;1,78;2,4;0,079;;1,49;
tundra;1,16;2,3;0,166;-1;1,67;
tundra;1,12;1,87;0,446;;;
tundra;1,78;2,25;0,041;;1,61;
tundra;0,56;1,89;0,279;;;
tundra;0,56;1,83;0,441;;;
tundra;0,56;2;0,324;;;
tundra;0,56;2,2;0,35;;;
tundra;0,56;2,11;0,204;;1,94;
tundra;1,12;2,16;0,204;;;
tundra;1,12;2,2;0,253;-0,77;2,04;
tundra;0,56;1,81;0,583;;;
tundra;0,56;1,97;0,71;;;
tundra;0,56;2,23;0,301;;2,03;
tundra;0,56;2,3;0,193;;;
tundra;;2,1;0,079;;;
tundra;1,26;2,27;0,152;-0,839;1,73;
tundra;1,78;2,34;-0,046;;;
tundra;0,56;;0,255;;;
tundra;0,56;2,02;0,173;;;
tundra;0,56;;;;;
tundra;0,56;1,83;0,659;;;
tundra;0,56;2,11;0,542;;;
tundra;0,56;1,82;0,279;;2,25;
tundra;1,78;2,51;0,079;;;
tundra;2,38;2,59;-0,046;;;
tundra;0,56;2,01;0,143;;;
tundra;0,56;2,1;-0,301;;;
tundra;0,56;1,99;0,374;-0,757;2,34;
tundra;0,56;1,98;0,279;;;
tundra;0,56;1,88;0,342;;;
tundra;0,56;1,89;0,407;;;
tundra;0,56;1,72;0,286;;;
tundra;0,56;1,92;0,305;-0,886;2,13;
tundra;0,56;2;0,255;;;
tundra;0,56;1,94;0,292;;;
tundra;;1,87;;;2,02;
tundra;0,56;1,93;0,342;;;
tundra;0,56;1,96;0,342;;2,14;
tundra;0,56;1,96;;;2,13;
tundra;0,56;2,13;0,079;;;
tundra;0,56;1,86;0,283;;;
tundra;0,56;2,19;0,369;;;
tundra;0,56;1,91;0,373;;2,15;
tundra;1,56;2,25;-0,004;-1;1,62;
wland;0,9;2,05;0,23;-0,893;;
wland;1,04;1,96;0,294;-0,866;;
wland;0,95;2,13;0,257;-0,851;;
wland;1,08;2,69;0,1;-1,161;;
wland;1,08;2,44;0,06;-1,097;;
wland;1,08;2,35;0,13;-1,143;;
wland;0,78;1,73;0,357;-0,67;;
wland;1,08;2,4;-0,011;-1,208;;
wland;0,78;1,91;0,376;-0,833;;
wland;0,78;1,93;0,358;-0,81;;
wland;0,78;1,72;0,363;-0,738;;
temp_for;;2,07;0,267;-0,846;;
temp_for;;2,52;0,039;-0,914;;
temp_for;;2,29;0,037;-1,073;;
temp_for;;2,29;-0,046;-1,043;;
temp_for;;2,13;0,201;-0,857;;
temp_for;;2,13;0,224;-0,766;;
temp_for;;2,08;0,281;-0,765;;
temp_for;;2,17;0,251;-0,813;;
temp_for;;2,38;-0,011;-0,997;;
temp_for;;2,35;-0,061;-1,15;;
temp_for;;2,14;-0,055;-1,147;;
temp_for;;2,3;0,024;-1,125;;
temp_for;;2,19;0,049;-1,076;;
temp_for;;2,33;0,115;-0,969;;
temp_for;;2,32;0,04;-0,916;;
temp_for;;2,63;-0,218;-1,234;;
temp_for;;2,4;-0,142;-1,197;;
temp_for;;2,2;0,106;-0,909;;
temp_for;;2,51;-0,196;-1,354;;
temp_for;;2,34;-0,016;-0,999;;
temp_for;;2,09;0,008;-1,101;;
temp_for;;2,11;0,023;-1,03;;
temp_for;;2,24;0,193;-0,886;;
temp_for;;2,35;0,03;-0,953;;
temp_for;;2,23;0,3;-0,684;;
temp_for;;2,55;-0,07;-1,064;;
temp_for;;2,31;0,006;-0,878;;
temp_for;;1,59;;;;
temp_for;;1,89;0,217;;;0,93
temp_for;;1,77;;;;
temp_for;;1,92;0,407;;;1,01
temp_for;;1,83;0,241;;;1,04
temp_for;;1,9;0,283;;;1,07
temp_for;;1,87;0,328;;;1,09
temp_for;;1,64;0,36;;;1
temp_for;;1,74;0,265;;;1,04
temp_for;;1,58;0,27;;;1,1
temp_for;;1,84;0,316;;;0,89
temp_for;;1,99;0,342;;;1,05
temp_for;;2,02;;;;
temp_for;;2,05;0,405;;;1,08
temp_for;;1,98;0,332;;;0,92
temp_for;;2,07;;;;
temp_for;;1,88;0,501;;;1,05
temp_for;;1,82;0,459;;;1,02
